{"info":{"year":"2024","version":"1","description":"Exported from roboflow.com","contributor":"","url":"https://public.roboflow.com/object-detection/undefined","date_created":"2024-09-05T14:18:34+00:00"},"licenses":[{"id":1,"url":"https://creativecommons.org/licenses/by/4.0/","name":"CC BY 4.0"}],"categories":[{"id":0,"name":"Healthy-Class","supercategory":"none"},{"id":1,"name":"Class-1","supercategory":"Healthy-Class"},{"id":2,"name":"Class-2","supercategory":"Healthy-Class"},{"id":3,"name":"Class-3","supercategory":"Healthy-Class"},{"id":4,"name":"Class-4","supercategory":"Healthy-Class"},{"id":5,"name":"Class-5","supercategory":"Healthy-Class"},{"id":6,"name":"Healthy","supercategory":"Healthy-Class"}],"images":[{"id":0,"license":1,"file_name":"DM074_F_png.rf.09380e0bf32795d34ac076f9f4ce5a80.jpg","height":512,"width":512,"date_captured":"2024-09-05T14:18:34+00:00"},{"id":1,"license":1,"file_name":"DM028_M_png.rf.75d2d96d80da4f3bba022cb4330f053c.jpg","height":512,"width":512,"date_captured":"2024-09-05T14:18:34+00:00"},{"id":2,"license":1,"file_name":"DM072_F_png.rf.66b6b1ef80d191739e70be58d25baaf4.jpg","height":512,"width":512,"date_captured":"2024-09-05T14:18:34+00:00"},{"id":3,"license":1,"file_name":"CG010_M_png.rf.349fe0cd10dd1bedb861fd6e93dafea3.jpg","height":512,"width":512,"date_captured":"2024-09-05T14:18:34+00:00"},{"id":4,"license":1,"file_name":"DM002_M_png.rf.91ca491ba5789a68053b6ca989b3f177.jpg","height":512,"width":512,"date_captured":"2024-09-05T14:18:34+00:00"},{"id":5,"license":1,"file_name":"DM044_F_png.rf.27c3b18b31a4f61792210345c1ca061f.jpg","height":512,"width":512,"date_captured":"2024-09-05T14:18:34+00:00"},{"id":6,"license":1,"file_name":"DM080_F_png.rf.f7e4967a2a5097ec6e098246b2a2c0e0.jpg","height":512,"width":512,"date_captured":"2024-09-05T14:18:34+00:00"},{"id":7,"license":1,"file_name":"DM001_M_png.rf.a0071e65f6c70176722b24a2632c9940.jpg","height":512,"width":512,"date_captured":"2024-09-05T14:18:34+00:00"},{"id":8,"license":1,"file_name":"CG018_M_png.rf.03a44bbe64ab008c3f7c7b7060a7ff02.jpg","height":512,"width":512,"date_captured":"2024-09-05T14:18:34+00:00"},{"id":9,"license":1,"file_name":"DM062_M_png.rf.ea0cf7bb7970ac3fa18be4d9e0c9da32.jpg","height":512,"width":512,"date_captured":"2024-09-05T14:18:34+00:00"},{"id":10,"license":1,"file_name":"DM048_F_png.rf.78c2acabe7c15a74cac77778cf26a6ef.jpg","height":512,"width":512,"date_captured":"2024-09-05T14:18:34+00:00"},{"id":11,"license":1,"file_name":"DM010_M_png.rf.fabcfb26c6f5737df0230c5209c468b3.jpg","height":512,"width":512,"date_captured":"2024-09-05T14:18:34+00:00"},{"id":12,"license":1,"file_name":"DM073_F_png.rf.fc3a493caa0d137004229cf6aaea8ee8.jpg","height":512,"width":512,"date_captured":"2024-09-05T14:18:34+00:00"},{"id":13,"license":1,"file_name":"DM085_F_png.rf.35715eb564711540affb532389a812ca.jpg","height":512,"width":512,"date_captured":"2024-09-05T14:18:34+00:00"},{"id":14,"license":1,"file_name":"CG009_M_png.rf.cd2bf2c66bfb0788e54750abbbd38269.jpg","height":512,"width":512,"date_captured":"2024-09-05T14:18:34+00:00"},{"id":15,"license":1,"file_name":"DM030_F_png.rf.d47c24f24f198451fc3aa121c2e44b1b.jpg","height":512,"width":512,"date_captured":"2024-09-05T14:18:34+00:00"},{"id":16,"license":1,"file_name":"DM022_F_png.rf.78691b3aef6304b4489a6c480a75c705.jpg","height":512,"width":512,"date_captured":"2024-09-05T14:18:34+00:00"},{"id":17,"license":1,"file_name":"DM012_F_png.rf.43decc64469931a1ded75c04e090fb95.jpg","height":512,"width":512,"date_captured":"2024-09-05T14:18:34+00:00"}],"annotations":[{"id":0,"image_id":0,"category_id":4,"bbox":[17,0,478,512],"area":244736,"segmentation":[],"iscrowd":0},{"id":1,"image_id":1,"category_id":1,"bbox":[44,0,424,512],"area":217088,"segmentation":[],"iscrowd":0},{"id":2,"image_id":2,"category_id":3,"bbox":[39,0,435,512],"area":222720,"segmentation":[],"iscrowd":0},{"id":3,"image_id":3,"category_id":6,"bbox":[71,0,370,512],"area":189440,"segmentation":[],"iscrowd":0},{"id":4,"image_id":4,"category_id":1,"bbox":[50,0,413,512],"area":211456,"segmentation":[],"iscrowd":0},{"id":5,"image_id":5,"category_id":1,"bbox":[2,0,508,512],"area":260096,"segmentation":[],"iscrowd":0},{"id":6,"image_id":6,"category_id":2,"bbox":[32,0,448,512],"area":229376,"segmentation":[],"iscrowd":0},{"id":7,"image_id":7,"category_id":5,"bbox":[61,0,390,512],"area":199680,"segmentation":[],"iscrowd":0},{"id":8,"image_id":8,"category_id":6,"bbox":[64,0,384,512],"area":196608,"segmentation":[],"iscrowd":0},{"id":9,"image_id":9,"category_id":2,"bbox":[76,0,361,512],"area":184832,"segmentation":[],"iscrowd":0},{"id":10,"image_id":10,"category_id":4,"bbox":[49,0,414,512],"area":211968,"segmentation":[],"iscrowd":0},{"id":11,"image_id":11,"category_id":5,"bbox":[15,0,482,512],"area":246784,"segmentation":[],"iscrowd":0},{"id":12,"image_id":12,"category_id":3,"bbox":[22,0,468,512],"area":239616,"segmentation":[],"iscrowd":0},{"id":13,"image_id":13,"category_id":3,"bbox":[39,0,435,512],"area":222720,"segmentation":[],"iscrowd":0},{"id":14,"image_id":14,"category_id":6,"bbox":[66,0,381,512],"area":195072,"segmentation":[],"iscrowd":0},{"id":15,"image_id":15,"category_id":2,"bbox":[56,0,401,512],"area":205312,"segmentation":[],"iscrowd":0},{"id":16,"image_id":16,"category_id":4,"bbox":[52,0,408,512],"area":208896,"segmentation":[],"iscrowd":0},{"id":17,"image_id":17,"category_id":5,"bbox":[46,0,420,512],"area":215040,"segmentation":[],"iscrowd":0}]}