{"info":{"year":"2024","version":"6","description":"Exported from roboflow.com","contributor":"","url":"https://public.roboflow.com/object-detection/undefined","date_created":"2024-10-21T06:40:11+00:00"},"licenses":[{"id":1,"url":"https://creativecommons.org/licenses/by/4.0/","name":"CC BY 4.0"}],"categories":[{"id":0,"name":"Sehat-DMT2-Vxym","supercategory":"none"},{"id":1,"name":"Diabetes","supercategory":"Sehat-DMT2-Vxym"},{"id":2,"name":"Healthy","supercategory":"Sehat-DMT2-Vxym"}],"images":[{"id":0,"license":1,"file_name":"CG019_F_png.rf.03e4fbc88c679c3af53fe41f535809ba.jpg","height":512,"width":512,"date_captured":"2024-10-21T06:40:11+00:00"},{"id":1,"license":1,"file_name":"CG007_F_png.rf.158c1f572f5a93e8211f4a122f44e78c.jpg","height":512,"width":512,"date_captured":"2024-10-21T06:40:11+00:00"},{"id":2,"license":1,"file_name":"DM012_F_png.rf.0987450ed6e8f45f3af17b38d96b9ce1.jpg","height":512,"width":512,"date_captured":"2024-10-21T06:40:11+00:00"},{"id":3,"license":1,"file_name":"CG009_M_png.rf.09f74afe3655f999219821924cdda14f.jpg","height":512,"width":512,"date_captured":"2024-10-21T06:40:11+00:00"},{"id":4,"license":1,"file_name":"DM040_F_png.rf.012c67851708dd9c82dff654d6fea105.jpg","height":512,"width":512,"date_captured":"2024-10-21T06:40:11+00:00"},{"id":5,"license":1,"file_name":"CG012_F_png.rf.12ab0b2f8a2fa69d91e13f4a60b90924.jpg","height":512,"width":512,"date_captured":"2024-10-21T06:40:11+00:00"},{"id":6,"license":1,"file_name":"CG032_M_png.rf.2b7ceb733850a1496e49df42eeba3b0e.jpg","height":512,"width":512,"date_captured":"2024-10-21T06:40:11+00:00"},{"id":7,"license":1,"file_name":"DM119_F_png.rf.015a647e8c57dcf69fd86d1fca6c758b.jpg","height":512,"width":512,"date_captured":"2024-10-21T06:40:11+00:00"},{"id":8,"license":1,"file_name":"DM010_M_png.rf.2c0ee0efccf86026136f496994895218.jpg","height":512,"width":512,"date_captured":"2024-10-21T06:40:11+00:00"},{"id":9,"license":1,"file_name":"DM092_F_png.rf.0d06ea2744c971813ba9d8d83044cf79.jpg","height":512,"width":512,"date_captured":"2024-10-21T06:40:11+00:00"},{"id":10,"license":1,"file_name":"DM008_M_png.rf.4f7c2946c215e87cd03bcf065a671db0.jpg","height":512,"width":512,"date_captured":"2024-10-21T06:40:11+00:00"},{"id":11,"license":1,"file_name":"CG045_M_png.rf.1e7dec93939e1851d39b53d8f96509f1.jpg","height":512,"width":512,"date_captured":"2024-10-21T06:40:11+00:00"},{"id":12,"license":1,"file_name":"DM091_M_png.rf.456f79869f30a6388b69b4f7af48a9e3.jpg","height":512,"width":512,"date_captured":"2024-10-21T06:40:11+00:00"},{"id":13,"license":1,"file_name":"DM015_M_png.rf.48e27229472d35842875fbe79ca2c960.jpg","height":512,"width":512,"date_captured":"2024-10-21T06:40:11+00:00"},{"id":14,"license":1,"file_name":"CG018_M_png.rf.3418b78aed512d9ceb8383272a0fee1c.jpg","height":512,"width":512,"date_captured":"2024-10-21T06:40:11+00:00"},{"id":15,"license":1,"file_name":"CG040_M_png.rf.20e412b0d5658d1ab60c269dbbccf59f.jpg","height":512,"width":512,"date_captured":"2024-10-21T06:40:11+00:00"},{"id":16,"license":1,"file_name":"DM078_F_png.rf.0fe7bc978e64f4a3ad675a8597cac39c.jpg","height":512,"width":512,"date_captured":"2024-10-21T06:40:11+00:00"},{"id":17,"license":1,"file_name":"CG031_M_png.rf.51639ce51e3924a12630557c25ed57a8.jpg","height":512,"width":512,"date_captured":"2024-10-21T06:40:11+00:00"},{"id":18,"license":1,"file_name":"CG002_M_png.rf.40a8877c15369fabba1b7ea33cfd76b3.jpg","height":512,"width":512,"date_captured":"2024-10-21T06:40:11+00:00"},{"id":19,"license":1,"file_name":"DM047_F_png.rf.281f256736fd6d00128153f836419d1f.jpg","height":512,"width":512,"date_captured":"2024-10-21T06:40:11+00:00"},{"id":20,"license":1,"file_name":"CG022_M_png.rf.060e6202d94a71fac7fb512bc24e2236.jpg","height":512,"width":512,"date_captured":"2024-10-21T06:40:11+00:00"},{"id":21,"license":1,"file_name":"CG004_F_png.rf.2ab1dbaff5f273b0b4496e36540d5233.jpg","height":512,"width":512,"date_captured":"2024-10-21T06:40:11+00:00"},{"id":22,"license":1,"file_name":"CG036_M_png.rf.2f50e6fd803a344dc464d2f381ed1cca.jpg","height":512,"width":512,"date_captured":"2024-10-21T06:40:11+00:00"},{"id":23,"license":1,"file_name":"DM049_F_png.rf.52f0f49cf9057663b5f93e2f1cf740ea.jpg","height":512,"width":512,"date_captured":"2024-10-21T06:40:11+00:00"},{"id":24,"license":1,"file_name":"CG039_M_png.rf.40912eda23f8e4d9eaf67a0f0ee47403.jpg","height":512,"width":512,"date_captured":"2024-10-21T06:40:11+00:00"},{"id":25,"license":1,"file_name":"DM027_M_png.rf.601ae227ef986f3209a6cbbc326d0861.jpg","height":512,"width":512,"date_captured":"2024-10-21T06:40:11+00:00"},{"id":26,"license":1,"file_name":"DM004_M_png.rf.6d2b22fe3ab7790442d0835e57cabdb3.jpg","height":512,"width":512,"date_captured":"2024-10-21T06:40:11+00:00"},{"id":27,"license":1,"file_name":"DM006_F_png.rf.6992b555cb541edeb391fff564c8bd99.jpg","height":512,"width":512,"date_captured":"2024-10-21T06:40:11+00:00"},{"id":28,"license":1,"file_name":"DM024_M_png.rf.55f40782414465f45e28bc40887bbbd7.jpg","height":512,"width":512,"date_captured":"2024-10-21T06:40:11+00:00"},{"id":29,"license":1,"file_name":"DM014_F_png.rf.61c59f8707a669324a013be2ab6f2d0d.jpg","height":512,"width":512,"date_captured":"2024-10-21T06:40:11+00:00"},{"id":30,"license":1,"file_name":"CG041_F_png.rf.9ebfc8a0a56c714e9f0c2879ba5317b6.jpg","height":512,"width":512,"date_captured":"2024-10-21T06:40:11+00:00"},{"id":31,"license":1,"file_name":"DM011_F_png.rf.abd9106049470c783518550bd8acaf2e.jpg","height":512,"width":512,"date_captured":"2024-10-21T06:40:11+00:00"},{"id":32,"license":1,"file_name":"CG013_M_png.rf.85aeec972aeef2ac29ca86588a21e520.jpg","height":512,"width":512,"date_captured":"2024-10-21T06:40:11+00:00"},{"id":33,"license":1,"file_name":"CG029_F_png.rf.53aec406cc4bb2a611e6b8a70bd3de18.jpg","height":512,"width":512,"date_captured":"2024-10-21T06:40:11+00:00"},{"id":34,"license":1,"file_name":"DM082_F_png.rf.b2095e1b2cce6fcf7c219b16718386a3.jpg","height":512,"width":512,"date_captured":"2024-10-21T06:40:11+00:00"},{"id":35,"license":1,"file_name":"DM097_F_png.rf.8ab767420f3e2314dddd90a87994f911.jpg","height":512,"width":512,"date_captured":"2024-10-21T06:40:11+00:00"},{"id":36,"license":1,"file_name":"DM041_M_png.rf.92c04cdcee1c9830ff7bd094e6eb2d07.jpg","height":512,"width":512,"date_captured":"2024-10-21T06:40:11+00:00"},{"id":37,"license":1,"file_name":"CG037_M_png.rf.ad68d492e42465a325c17685e3004fb9.jpg","height":512,"width":512,"date_captured":"2024-10-21T06:40:11+00:00"},{"id":38,"license":1,"file_name":"CG003_M_png.rf.ab1aca5bcd77372908c1a912791b62ea.jpg","height":512,"width":512,"date_captured":"2024-10-21T06:40:11+00:00"},{"id":39,"license":1,"file_name":"DM026_M_png.rf.91318cfada1b41feea0c39cccff48085.jpg","height":512,"width":512,"date_captured":"2024-10-21T06:40:11+00:00"},{"id":40,"license":1,"file_name":"CG020_F_png.rf.9425dac007b637fe0c2bb9014fd11772.jpg","height":512,"width":512,"date_captured":"2024-10-21T06:40:11+00:00"},{"id":41,"license":1,"file_name":"CG043_M_png.rf.5be4cef2c882a9be958f1b495362b3b0.jpg","height":512,"width":512,"date_captured":"2024-10-21T06:40:11+00:00"},{"id":42,"license":1,"file_name":"CG001_M_png.rf.8b51c44740e2e779e4027c5e6fe04797.jpg","height":512,"width":512,"date_captured":"2024-10-21T06:40:11+00:00"},{"id":43,"license":1,"file_name":"CG035_M_png.rf.76d26a141d5107e79ec128b79175b9a7.jpg","height":512,"width":512,"date_captured":"2024-10-21T06:40:11+00:00"},{"id":44,"license":1,"file_name":"CG044_F_png.rf.cd1e610319fbb72f4ee6f2e1d4e61d5d.jpg","height":512,"width":512,"date_captured":"2024-10-21T06:40:11+00:00"},{"id":45,"license":1,"file_name":"CG010_M_png.rf.bb2048b09225bb6874cf827683fcfb81.jpg","height":512,"width":512,"date_captured":"2024-10-21T06:40:11+00:00"},{"id":46,"license":1,"file_name":"DM075_F_png.rf.8d014b81831dc8d780f1a8dabf1a0fe5.jpg","height":512,"width":512,"date_captured":"2024-10-21T06:40:11+00:00"},{"id":47,"license":1,"file_name":"CG017_F_png.rf.b61d22e3b6c446091d5d44c29222cf60.jpg","height":512,"width":512,"date_captured":"2024-10-21T06:40:11+00:00"},{"id":48,"license":1,"file_name":"CG016_M_png.rf.9f46853b20642788125b5e2b738bb451.jpg","height":512,"width":512,"date_captured":"2024-10-21T06:40:11+00:00"},{"id":49,"license":1,"file_name":"DM121_F_png.rf.7670bd8e74bd7e6686a1601f451eb3b3.jpg","height":512,"width":512,"date_captured":"2024-10-21T06:40:11+00:00"},{"id":50,"license":1,"file_name":"DM093_F_png.rf.c5ee77775d0888bfe960d3f56200cec0.jpg","height":512,"width":512,"date_captured":"2024-10-21T06:40:11+00:00"},{"id":51,"license":1,"file_name":"CG014_M_png.rf.d209448a327cb0610a847091a4aac40f.jpg","height":512,"width":512,"date_captured":"2024-10-21T06:40:11+00:00"},{"id":52,"license":1,"file_name":"CG042_F_png.rf.de2e32fc544c0a29fa7edd4212f55861.jpg","height":512,"width":512,"date_captured":"2024-10-21T06:40:11+00:00"},{"id":53,"license":1,"file_name":"DM076_M_png.rf.db27e89aec36d104c4a2d5826ac365be.jpg","height":512,"width":512,"date_captured":"2024-10-21T06:40:11+00:00"},{"id":54,"license":1,"file_name":"DM074_F_png.rf.e7492714cb1656b2d7b618aa939bea29.jpg","height":512,"width":512,"date_captured":"2024-10-21T06:40:11+00:00"},{"id":55,"license":1,"file_name":"DM063_F_png.rf.e35a16fbc3354871fb65d878799c8c43.jpg","height":512,"width":512,"date_captured":"2024-10-21T06:40:11+00:00"},{"id":56,"license":1,"file_name":"DM057_F_png.rf.f9d1ed41afb2106e1717e1e4f7e2cf79.jpg","height":512,"width":512,"date_captured":"2024-10-21T06:40:11+00:00"},{"id":57,"license":1,"file_name":"DM059_F_png.rf.f96d4a1878b4a7b002980c58a0fc5c7b.jpg","height":512,"width":512,"date_captured":"2024-10-21T06:40:11+00:00"},{"id":58,"license":1,"file_name":"CG038_M_png.rf.d99714bf99d4a4e40464ea689d51b26b.jpg","height":512,"width":512,"date_captured":"2024-10-21T06:40:11+00:00"},{"id":59,"license":1,"file_name":"CG006_F_png.rf.ed5a111f766bae9fbf5d40e5da9e2a3e.jpg","height":512,"width":512,"date_captured":"2024-10-21T06:40:11+00:00"},{"id":60,"license":1,"file_name":"DM025_M_png.rf.e74be693383bf0bfab180cf2932a9740.jpg","height":512,"width":512,"date_captured":"2024-10-21T06:40:11+00:00"},{"id":61,"license":1,"file_name":"DM109_F_png.rf.dc5702b4c086eac2a2aebfa9693d74b0.jpg","height":512,"width":512,"date_captured":"2024-10-21T06:40:11+00:00"}],"annotations":[{"id":0,"image_id":0,"category_id":2,"bbox":[34,0,444,512],"area":227328,"segmentation":[],"iscrowd":0},{"id":1,"image_id":1,"category_id":2,"bbox":[51,0,411,512],"area":210432,"segmentation":[],"iscrowd":0},{"id":2,"image_id":2,"category_id":1,"bbox":[46,0,420,512],"area":215040,"segmentation":[],"iscrowd":0},{"id":3,"image_id":3,"category_id":2,"bbox":[66,0,381,512],"area":195072,"segmentation":[],"iscrowd":0},{"id":4,"image_id":4,"category_id":1,"bbox":[18,0,477,512],"area":244224,"segmentation":[],"iscrowd":0},{"id":5,"image_id":5,"category_id":2,"bbox":[19,0,475,512],"area":243200,"segmentation":[],"iscrowd":0},{"id":6,"image_id":6,"category_id":2,"bbox":[44,0,425,512],"area":217600,"segmentation":[],"iscrowd":0},{"id":7,"image_id":7,"category_id":1,"bbox":[59,0,394,512],"area":201728,"segmentation":[],"iscrowd":0},{"id":8,"image_id":8,"category_id":1,"bbox":[15,0,482,512],"area":246784,"segmentation":[],"iscrowd":0},{"id":9,"image_id":9,"category_id":1,"bbox":[29,0,454,512],"area":232448,"segmentation":[],"iscrowd":0},{"id":10,"image_id":10,"category_id":1,"bbox":[44,0,424,512],"area":217088,"segmentation":[],"iscrowd":0},{"id":11,"image_id":11,"category_id":2,"bbox":[44,0,425,512],"area":217600,"segmentation":[],"iscrowd":0},{"id":12,"image_id":12,"category_id":1,"bbox":[58,0,397,512],"area":203264,"segmentation":[],"iscrowd":0},{"id":13,"image_id":13,"category_id":1,"bbox":[0,22,512,468],"area":239616,"segmentation":[],"iscrowd":0},{"id":14,"image_id":14,"category_id":2,"bbox":[64,0,384,512],"area":196608,"segmentation":[],"iscrowd":0},{"id":15,"image_id":15,"category_id":2,"bbox":[56,0,400,512],"area":204800,"segmentation":[],"iscrowd":0},{"id":16,"image_id":16,"category_id":1,"bbox":[40,1,432,511],"area":220752,"segmentation":[],"iscrowd":0},{"id":17,"image_id":17,"category_id":2,"bbox":[35,0,442,512],"area":226304,"segmentation":[],"iscrowd":0},{"id":18,"image_id":18,"category_id":2,"bbox":[59,0,394,512],"area":201728,"segmentation":[],"iscrowd":0},{"id":19,"image_id":19,"category_id":1,"bbox":[26,0,461,512],"area":236032,"segmentation":[],"iscrowd":0},{"id":20,"image_id":20,"category_id":2,"bbox":[29,0,454,512],"area":232448,"segmentation":[],"iscrowd":0},{"id":21,"image_id":21,"category_id":2,"bbox":[17,0,478,512],"area":244736,"segmentation":[],"iscrowd":0},{"id":22,"image_id":22,"category_id":2,"bbox":[63,0,387,512],"area":198144,"segmentation":[],"iscrowd":0},{"id":23,"image_id":23,"category_id":1,"bbox":[42,0,429,512],"area":219648,"segmentation":[],"iscrowd":0},{"id":24,"image_id":24,"category_id":2,"bbox":[63,0,386,512],"area":197632,"segmentation":[],"iscrowd":0},{"id":25,"image_id":25,"category_id":1,"bbox":[59,0,395,512],"area":202240,"segmentation":[],"iscrowd":0},{"id":26,"image_id":26,"category_id":1,"bbox":[16,0,480,512],"area":245760,"segmentation":[],"iscrowd":0},{"id":27,"image_id":27,"category_id":1,"bbox":[30,0,453,512],"area":231936,"segmentation":[],"iscrowd":0},{"id":28,"image_id":28,"category_id":1,"bbox":[70,0,373,512],"area":190976,"segmentation":[],"iscrowd":0},{"id":29,"image_id":29,"category_id":1,"bbox":[16,0,481,512],"area":246272,"segmentation":[],"iscrowd":0},{"id":30,"image_id":30,"category_id":2,"bbox":[48,0,417,512],"area":213504,"segmentation":[],"iscrowd":0},{"id":31,"image_id":31,"category_id":1,"bbox":[0,13,512,487],"area":249344,"segmentation":[],"iscrowd":0},{"id":32,"image_id":32,"category_id":2,"bbox":[80,0,353,512],"area":180736,"segmentation":[],"iscrowd":0},{"id":33,"image_id":33,"category_id":2,"bbox":[56,0,400,512],"area":204800,"segmentation":[],"iscrowd":0},{"id":34,"image_id":34,"category_id":1,"bbox":[49,0,414,512],"area":211968,"segmentation":[],"iscrowd":0},{"id":35,"image_id":35,"category_id":1,"bbox":[32,0,449,512],"area":229888,"segmentation":[],"iscrowd":0},{"id":36,"image_id":36,"category_id":1,"bbox":[56,0,401,512],"area":205312,"segmentation":[],"iscrowd":0},{"id":37,"image_id":37,"category_id":2,"bbox":[31,0,450,512],"area":230400,"segmentation":[],"iscrowd":0},{"id":38,"image_id":38,"category_id":2,"bbox":[72,1,369,511],"area":188559,"segmentation":[],"iscrowd":0},{"id":39,"image_id":39,"category_id":1,"bbox":[63,0,386,512],"area":197632,"segmentation":[],"iscrowd":0},{"id":40,"image_id":40,"category_id":2,"bbox":[62,0,389,512],"area":199168,"segmentation":[],"iscrowd":0},{"id":41,"image_id":41,"category_id":2,"bbox":[37,0,438,512],"area":224256,"segmentation":[],"iscrowd":0},{"id":42,"image_id":42,"category_id":2,"bbox":[69,0,374,512],"area":191488,"segmentation":[],"iscrowd":0},{"id":43,"image_id":43,"category_id":2,"bbox":[38,0,436,512],"area":223232,"segmentation":[],"iscrowd":0},{"id":44,"image_id":44,"category_id":2,"bbox":[7,0,499,512],"area":255488,"segmentation":[],"iscrowd":0},{"id":45,"image_id":45,"category_id":2,"bbox":[71,0,370,512],"area":189440,"segmentation":[],"iscrowd":0},{"id":46,"image_id":46,"category_id":1,"bbox":[27,0,458,512],"area":234496,"segmentation":[],"iscrowd":0},{"id":47,"image_id":47,"category_id":2,"bbox":[68,0,376,512],"area":192512,"segmentation":[],"iscrowd":0},{"id":48,"image_id":48,"category_id":2,"bbox":[42,0,429,512],"area":219648,"segmentation":[],"iscrowd":0},{"id":49,"image_id":49,"category_id":1,"bbox":[42,0,428,512],"area":219136,"segmentation":[],"iscrowd":0},{"id":50,"image_id":50,"category_id":1,"bbox":[26,0,460,512],"area":235520,"segmentation":[],"iscrowd":0},{"id":51,"image_id":51,"category_id":2,"bbox":[50,0,413,512],"area":211456,"segmentation":[],"iscrowd":0},{"id":52,"image_id":52,"category_id":2,"bbox":[41,0,430,512],"area":220160,"segmentation":[],"iscrowd":0},{"id":53,"image_id":53,"category_id":1,"bbox":[22,0,469,512],"area":240128,"segmentation":[],"iscrowd":0},{"id":54,"image_id":54,"category_id":1,"bbox":[17,0,478,512],"area":244736,"segmentation":[],"iscrowd":0},{"id":55,"image_id":55,"category_id":1,"bbox":[24,0,465,512],"area":238080,"segmentation":[],"iscrowd":0},{"id":56,"image_id":56,"category_id":1,"bbox":[38,0,436,512],"area":223232,"segmentation":[],"iscrowd":0},{"id":57,"image_id":57,"category_id":1,"bbox":[43,0,427,512],"area":218624,"segmentation":[],"iscrowd":0},{"id":58,"image_id":58,"category_id":2,"bbox":[66,1,380,511],"area":194180,"segmentation":[],"iscrowd":0},{"id":59,"image_id":59,"category_id":2,"bbox":[52,0,409,512],"area":209408,"segmentation":[],"iscrowd":0},{"id":60,"image_id":60,"category_id":1,"bbox":[55,0,402,512],"area":205824,"segmentation":[],"iscrowd":0},{"id":61,"image_id":61,"category_id":1,"bbox":[49,0,415,512],"area":212480,"segmentation":[],"iscrowd":0}]}