{"info":{"year":"2024","version":"1","description":"Exported from roboflow.com","contributor":"","url":"https://public.roboflow.com/object-detection/undefined","date_created":"2024-08-20T14:51:26+00:00"},"licenses":[{"id":1,"url":"https://creativecommons.org/licenses/by/4.0/","name":"CC BY 4.0"}],"categories":[{"id":0,"name":"Healthy-Low-High","supercategory":"none"},{"id":1,"name":"Healthy","supercategory":"Healthy-Low-High"},{"id":2,"name":"High","supercategory":"Healthy-Low-High"},{"id":3,"name":"Low","supercategory":"Healthy-Low-High"}],"images":[{"id":0,"license":1,"file_name":"CG009_M_png.rf.55c05fa13645c03d7b88d9eb459de8b2.jpg","height":512,"width":512,"date_captured":"2024-08-20T14:51:26+00:00"},{"id":1,"license":1,"file_name":"DM040_F_png.rf.1d29ae1c114a22c1f984a180c369c785.jpg","height":512,"width":512,"date_captured":"2024-08-20T14:51:26+00:00"},{"id":2,"license":1,"file_name":"DM077_F_png.rf.17f44b1efa30bbd1e9ecb2810e7909e1.jpg","height":512,"width":512,"date_captured":"2024-08-20T14:51:26+00:00"},{"id":3,"license":1,"file_name":"DM096_M_png.rf.53f87f6ff2c894da45e68a267f3f909b.jpg","height":512,"width":512,"date_captured":"2024-08-20T14:51:26+00:00"},{"id":4,"license":1,"file_name":"CG004_F_png.rf.18d70955270a567c1ac19188dc813e9b.jpg","height":512,"width":512,"date_captured":"2024-08-20T14:51:26+00:00"},{"id":5,"license":1,"file_name":"DM068_F_png.rf.130ec58ed3616aabe95455b119638435.jpg","height":512,"width":512,"date_captured":"2024-08-20T14:51:26+00:00"},{"id":6,"license":1,"file_name":"DM015_M_png.rf.5499c7e20c27bb7299e5bb2a2b34d864.jpg","height":512,"width":512,"date_captured":"2024-08-20T14:51:26+00:00"},{"id":7,"license":1,"file_name":"DM090_F_png.rf.54fcdb3d1b1c39852f65789cab761a71.jpg","height":512,"width":512,"date_captured":"2024-08-20T14:51:26+00:00"},{"id":8,"license":1,"file_name":"CG035_M_png.rf.2f07496c390549fd5d47d2449d2e919d.jpg","height":512,"width":512,"date_captured":"2024-08-20T14:51:26+00:00"},{"id":9,"license":1,"file_name":"CG028_M_png.rf.2976e004aaba7494f49188bdd652c098.jpg","height":512,"width":512,"date_captured":"2024-08-20T14:51:26+00:00"},{"id":10,"license":1,"file_name":"CG021_M_png.rf.12d13d4d6ec86be63005986b1cde857e.jpg","height":512,"width":512,"date_captured":"2024-08-20T14:51:26+00:00"},{"id":11,"license":1,"file_name":"CG018_M_png.rf.41c9999f4f6762b4f0d151d70e95172e.jpg","height":512,"width":512,"date_captured":"2024-08-20T14:51:26+00:00"},{"id":12,"license":1,"file_name":"CG030_M_png.rf.0468c922e277224db6bd17498a24ecdd.jpg","height":512,"width":512,"date_captured":"2024-08-20T14:51:26+00:00"},{"id":13,"license":1,"file_name":"DM112_M_png.rf.0d989bea1168cce58a606a5db9dfb413.jpg","height":512,"width":512,"date_captured":"2024-08-20T14:51:26+00:00"},{"id":14,"license":1,"file_name":"CG031_M_png.rf.0002a5869bb6dc054704449c9164b593.jpg","height":512,"width":512,"date_captured":"2024-08-20T14:51:26+00:00"},{"id":15,"license":1,"file_name":"DM110_F_png.rf.40de2dbdb0917fec2cc439ab2087e4f3.jpg","height":512,"width":512,"date_captured":"2024-08-20T14:51:26+00:00"},{"id":16,"license":1,"file_name":"DM053_M_png.rf.09b286bdf1399be4bc63c1f508170358.jpg","height":512,"width":512,"date_captured":"2024-08-20T14:51:26+00:00"},{"id":17,"license":1,"file_name":"DM066_F_png.rf.61f7fd67347a4a5d5a8397fb351b82c6.jpg","height":512,"width":512,"date_captured":"2024-08-20T14:51:26+00:00"},{"id":18,"license":1,"file_name":"CG027_M_png.rf.1431823243cda62c66fc0ec86ed7280c.jpg","height":512,"width":512,"date_captured":"2024-08-20T14:51:26+00:00"},{"id":19,"license":1,"file_name":"DM012_F_png.rf.5e7afdec55a5629b8022c56fde89a424.jpg","height":512,"width":512,"date_captured":"2024-08-20T14:51:26+00:00"},{"id":20,"license":1,"file_name":"DM119_F_png.rf.0ebfe8b57d85956699c398fa456be24d.jpg","height":512,"width":512,"date_captured":"2024-08-20T14:51:26+00:00"},{"id":21,"license":1,"file_name":"DM047_F_png.rf.726e7eb95f9cc0e76bca4972c954ed56.jpg","height":512,"width":512,"date_captured":"2024-08-20T14:51:26+00:00"},{"id":22,"license":1,"file_name":"DM117_F_png.rf.64e80494e3291628edde26f35a8457a5.jpg","height":512,"width":512,"date_captured":"2024-08-20T14:51:26+00:00"},{"id":23,"license":1,"file_name":"DM091_M_png.rf.ab98d0d21251bf3bafb316f536726a7e.jpg","height":512,"width":512,"date_captured":"2024-08-20T14:51:26+00:00"},{"id":24,"license":1,"file_name":"DM026_M_png.rf.9212d822437fd9479fb3193e6039cb6f.jpg","height":512,"width":512,"date_captured":"2024-08-20T14:51:26+00:00"},{"id":25,"license":1,"file_name":"DM050_F_png.rf.67409504db56d7c622a7351689b1a452.jpg","height":512,"width":512,"date_captured":"2024-08-20T14:51:26+00:00"},{"id":26,"license":1,"file_name":"CG032_M_png.rf.645d610c2583864a61139223768e3f48.jpg","height":512,"width":512,"date_captured":"2024-08-20T14:51:26+00:00"},{"id":27,"license":1,"file_name":"DM122_F_png.rf.8c61e12a85fd3e98e65db78854bcd105.jpg","height":512,"width":512,"date_captured":"2024-08-20T14:51:26+00:00"},{"id":28,"license":1,"file_name":"DM010_M_png.rf.58e9f58dca5552908c2d7c69889f5692.jpg","height":512,"width":512,"date_captured":"2024-08-20T14:51:26+00:00"},{"id":29,"license":1,"file_name":"DM033_M_png.rf.a144de32e23bdaff045e2fff4296bb49.jpg","height":512,"width":512,"date_captured":"2024-08-20T14:51:26+00:00"},{"id":30,"license":1,"file_name":"CG023_F_png.rf.b794528c45acba56e3c1e4e97814b8b4.jpg","height":512,"width":512,"date_captured":"2024-08-20T14:51:26+00:00"},{"id":31,"license":1,"file_name":"CG010_M_png.rf.739069609dd6571f4c59e8d3eefdd9a0.jpg","height":512,"width":512,"date_captured":"2024-08-20T14:51:26+00:00"},{"id":32,"license":1,"file_name":"DM044_F_png.rf.c181982ae7ba7b7c0b20e21a7516570a.jpg","height":512,"width":512,"date_captured":"2024-08-20T14:51:26+00:00"},{"id":33,"license":1,"file_name":"DM049_F_png.rf.74d52e037d5d00f430b545898f58cd96.jpg","height":512,"width":512,"date_captured":"2024-08-20T14:51:26+00:00"},{"id":34,"license":1,"file_name":"CG025_M_png.rf.e7129c8768ea51fd278f93820d9f25bb.jpg","height":512,"width":512,"date_captured":"2024-08-20T14:51:26+00:00"},{"id":35,"license":1,"file_name":"DM058_F_png.rf.cedab9f5bf5ce8dba910e058b4ce9b24.jpg","height":512,"width":512,"date_captured":"2024-08-20T14:51:26+00:00"},{"id":36,"license":1,"file_name":"DM079_M_png.rf.a7e0ef6fe1f4d04cd81cc5bf6697744c.jpg","height":512,"width":512,"date_captured":"2024-08-20T14:51:26+00:00"},{"id":37,"license":1,"file_name":"DM088_M_png.rf.c7b6914ebfa947e1ecd0e875dd729810.jpg","height":512,"width":512,"date_captured":"2024-08-20T14:51:26+00:00"},{"id":38,"license":1,"file_name":"DM092_F_png.rf.bac20d35598048a80630d41248d807b2.jpg","height":512,"width":512,"date_captured":"2024-08-20T14:51:26+00:00"},{"id":39,"license":1,"file_name":"DM005_M_png.rf.8cbf2600c5bf973f622e420630c5390a.jpg","height":512,"width":512,"date_captured":"2024-08-20T14:51:26+00:00"},{"id":40,"license":1,"file_name":"DM064_M_png.rf.de8348a1249bf0a9a5665b7047b74411.jpg","height":512,"width":512,"date_captured":"2024-08-20T14:51:26+00:00"},{"id":41,"license":1,"file_name":"CG013_M_png.rf.c47a7299199fdb217d3543c3fe45199e.jpg","height":512,"width":512,"date_captured":"2024-08-20T14:51:26+00:00"},{"id":42,"license":1,"file_name":"DM109_F_png.rf.d7838ff053416259e6f3d88eca48a1b9.jpg","height":512,"width":512,"date_captured":"2024-08-20T14:51:26+00:00"},{"id":43,"license":1,"file_name":"CG016_M_png.rf.f742e3b80621a68d4116113a7b5180cd.jpg","height":512,"width":512,"date_captured":"2024-08-20T14:51:26+00:00"},{"id":44,"license":1,"file_name":"CG043_M_png.rf.ebaa62da029695a3b71e825834b2d27d.jpg","height":512,"width":512,"date_captured":"2024-08-20T14:51:26+00:00"},{"id":45,"license":1,"file_name":"DM002_M_png.rf.df8dc69d83ce9beb2d0a28b82d8d7844.jpg","height":512,"width":512,"date_captured":"2024-08-20T14:51:26+00:00"},{"id":46,"license":1,"file_name":"DM094_F_png.rf.fe918f76efa83bae50c967931fa45c23.jpg","height":512,"width":512,"date_captured":"2024-08-20T14:51:26+00:00"},{"id":47,"license":1,"file_name":"DM095_F_png.rf.effc1d0f3693d566680213a98402d6b8.jpg","height":512,"width":512,"date_captured":"2024-08-20T14:51:26+00:00"},{"id":48,"license":1,"file_name":"DM059_F_png.rf.f50c053198f8bfdda9fb803fd8ea1b33.jpg","height":512,"width":512,"date_captured":"2024-08-20T14:51:26+00:00"},{"id":49,"license":1,"file_name":"CG026_M_png.rf.f3578dcf231ea5ef1098f3fe9597d40b.jpg","height":512,"width":512,"date_captured":"2024-08-20T14:51:26+00:00"},{"id":50,"license":1,"file_name":"DM082_F_png.rf.f740978fc9dc13ed7123b332389ec1c0.jpg","height":512,"width":512,"date_captured":"2024-08-20T14:51:26+00:00"}],"annotations":[{"id":0,"image_id":0,"category_id":1,"bbox":[66,0,381,512],"area":195072,"segmentation":[],"iscrowd":0},{"id":1,"image_id":1,"category_id":2,"bbox":[18,0,477,512],"area":244224,"segmentation":[],"iscrowd":0},{"id":2,"image_id":2,"category_id":2,"bbox":[52,0,408,512],"area":208896,"segmentation":[],"iscrowd":0},{"id":3,"image_id":3,"category_id":3,"bbox":[38,0,436,512],"area":223232,"segmentation":[],"iscrowd":0},{"id":4,"image_id":4,"category_id":1,"bbox":[17,0,478,512],"area":244736,"segmentation":[],"iscrowd":0},{"id":5,"image_id":5,"category_id":2,"bbox":[20,0,473,512],"area":242176,"segmentation":[],"iscrowd":0},{"id":6,"image_id":6,"category_id":2,"bbox":[0,22,512,468],"area":239616,"segmentation":[],"iscrowd":0},{"id":7,"image_id":7,"category_id":3,"bbox":[20,0,472,512],"area":241664,"segmentation":[],"iscrowd":0},{"id":8,"image_id":8,"category_id":1,"bbox":[38,0,436,512],"area":223232,"segmentation":[],"iscrowd":0},{"id":9,"image_id":9,"category_id":1,"bbox":[59,0,395,512],"area":202240,"segmentation":[],"iscrowd":0},{"id":10,"image_id":10,"category_id":1,"bbox":[49,0,414,512],"area":211968,"segmentation":[],"iscrowd":0},{"id":11,"image_id":11,"category_id":1,"bbox":[64,0,384,512],"area":196608,"segmentation":[],"iscrowd":0},{"id":12,"image_id":12,"category_id":1,"bbox":[21,0,471,512],"area":241152,"segmentation":[],"iscrowd":0},{"id":13,"image_id":13,"category_id":3,"bbox":[64,0,384,512],"area":196608,"segmentation":[],"iscrowd":0},{"id":14,"image_id":14,"category_id":1,"bbox":[35,0,442,512],"area":226304,"segmentation":[],"iscrowd":0},{"id":15,"image_id":15,"category_id":3,"bbox":[23,0,467,512],"area":239104,"segmentation":[],"iscrowd":0},{"id":16,"image_id":16,"category_id":3,"bbox":[54,0,405,512],"area":207360,"segmentation":[],"iscrowd":0},{"id":17,"image_id":17,"category_id":3,"bbox":[41,0,430,512],"area":220160,"segmentation":[],"iscrowd":0},{"id":18,"image_id":18,"category_id":1,"bbox":[48,0,416,512],"area":212992,"segmentation":[],"iscrowd":0},{"id":19,"image_id":19,"category_id":2,"bbox":[46,0,420,512],"area":215040,"segmentation":[],"iscrowd":0},{"id":20,"image_id":20,"category_id":2,"bbox":[59,0,394,512],"area":201728,"segmentation":[],"iscrowd":0},{"id":21,"image_id":21,"category_id":2,"bbox":[26,0,461,512],"area":236032,"segmentation":[],"iscrowd":0},{"id":22,"image_id":22,"category_id":3,"bbox":[45,0,422,512],"area":216064,"segmentation":[],"iscrowd":0},{"id":23,"image_id":23,"category_id":2,"bbox":[58,0,397,512],"area":203264,"segmentation":[],"iscrowd":0},{"id":24,"image_id":24,"category_id":2,"bbox":[63,0,386,512],"area":197632,"segmentation":[],"iscrowd":0},{"id":25,"image_id":25,"category_id":2,"bbox":[47,0,418,512],"area":214016,"segmentation":[],"iscrowd":0},{"id":26,"image_id":26,"category_id":1,"bbox":[44,0,425,512],"area":217600,"segmentation":[],"iscrowd":0},{"id":27,"image_id":27,"category_id":3,"bbox":[49,0,415,512],"area":212480,"segmentation":[],"iscrowd":0},{"id":28,"image_id":28,"category_id":2,"bbox":[15,0,482,512],"area":246784,"segmentation":[],"iscrowd":0},{"id":29,"image_id":29,"category_id":3,"bbox":[39,0,434,512],"area":222208,"segmentation":[],"iscrowd":0},{"id":30,"image_id":30,"category_id":1,"bbox":[8,0,496,512],"area":253952,"segmentation":[],"iscrowd":0},{"id":31,"image_id":31,"category_id":1,"bbox":[71,0,370,512],"area":189440,"segmentation":[],"iscrowd":0},{"id":32,"image_id":32,"category_id":3,"bbox":[2,0,508,512],"area":260096,"segmentation":[],"iscrowd":0},{"id":33,"image_id":33,"category_id":3,"bbox":[42,0,429,512],"area":219648,"segmentation":[],"iscrowd":0},{"id":34,"image_id":34,"category_id":1,"bbox":[56,0,400,512],"area":204800,"segmentation":[],"iscrowd":0},{"id":35,"image_id":35,"category_id":3,"bbox":[0,13,512,487],"area":249344,"segmentation":[],"iscrowd":0},{"id":36,"image_id":36,"category_id":3,"bbox":[0,4,512,504],"area":258048,"segmentation":[],"iscrowd":0},{"id":37,"image_id":37,"category_id":2,"bbox":[54,0,405,512],"area":207360,"segmentation":[],"iscrowd":0},{"id":38,"image_id":38,"category_id":2,"bbox":[29,0,454,512],"area":232448,"segmentation":[],"iscrowd":0},{"id":39,"image_id":39,"category_id":3,"bbox":[60,0,392,512],"area":200704,"segmentation":[],"iscrowd":0},{"id":40,"image_id":40,"category_id":2,"bbox":[43,0,427,512],"area":218624,"segmentation":[],"iscrowd":0},{"id":41,"image_id":41,"category_id":1,"bbox":[80,0,353,512],"area":180736,"segmentation":[],"iscrowd":0},{"id":42,"image_id":42,"category_id":2,"bbox":[49,0,415,512],"area":212480,"segmentation":[],"iscrowd":0},{"id":43,"image_id":43,"category_id":1,"bbox":[42,0,429,512],"area":219648,"segmentation":[],"iscrowd":0},{"id":44,"image_id":44,"category_id":1,"bbox":[37,0,438,512],"area":224256,"segmentation":[],"iscrowd":0},{"id":45,"image_id":45,"category_id":3,"bbox":[50,0,413,512],"area":211456,"segmentation":[],"iscrowd":0},{"id":46,"image_id":46,"category_id":3,"bbox":[33,0,447,512],"area":228864,"segmentation":[],"iscrowd":0},{"id":47,"image_id":47,"category_id":3,"bbox":[57,0,398,512],"area":203776,"segmentation":[],"iscrowd":0},{"id":48,"image_id":48,"category_id":2,"bbox":[43,0,427,512],"area":218624,"segmentation":[],"iscrowd":0},{"id":49,"image_id":49,"category_id":1,"bbox":[74,0,365,512],"area":186880,"segmentation":[],"iscrowd":0},{"id":50,"image_id":50,"category_id":2,"bbox":[49,0,414,512],"area":211968,"segmentation":[],"iscrowd":0}]}