{"info":{"year":"2024","version":"4","description":"Exported from roboflow.com","contributor":"","url":"https://public.roboflow.com/object-detection/undefined","date_created":"2024-10-21T09:29:25+00:00"},"licenses":[{"id":1,"url":"https://creativecommons.org/licenses/by/4.0/","name":"CC BY 4.0"}],"categories":[{"id":0,"name":"Healthy-Low-High-VK7U","supercategory":"none"},{"id":1,"name":"Healthy","supercategory":"Healthy-Low-High-VK7U"},{"id":2,"name":"High","supercategory":"Healthy-Low-High-VK7U"},{"id":3,"name":"Low","supercategory":"Healthy-Low-High-VK7U"}],"images":[{"id":0,"license":1,"file_name":"CG041_F_R_png.rf.1c8d6ae5482f631a5d711ece49f9098a.jpg","height":512,"width":512,"date_captured":"2024-10-21T09:29:25+00:00"},{"id":1,"license":1,"file_name":"CG035_M_L_png.rf.1c58dd06cddfad617becfc6ce9d99490.jpg","height":512,"width":512,"date_captured":"2024-10-21T09:29:25+00:00"},{"id":2,"license":1,"file_name":"CG018_M_R_png.rf.17fd32eb0a53ca06117eb6fb68b900ff.jpg","height":512,"width":512,"date_captured":"2024-10-21T09:29:25+00:00"},{"id":3,"license":1,"file_name":"DM015_M_L_png.rf.26bd30c11836da620647a250b5811df7.jpg","height":512,"width":512,"date_captured":"2024-10-21T09:29:25+00:00"},{"id":4,"license":1,"file_name":"DM099_F_L_png.rf.0f5fac8087c1e0c71d991cb4db142f82.jpg","height":512,"width":512,"date_captured":"2024-10-21T09:29:25+00:00"},{"id":5,"license":1,"file_name":"DM007_F_L_png.rf.2035bb12184065406bf0b9fd8893df3a.jpg","height":512,"width":512,"date_captured":"2024-10-21T09:29:25+00:00"},{"id":6,"license":1,"file_name":"CG007_F_L_png.rf.2bcdb2dd61702be4e446504d0be592f5.jpg","height":512,"width":512,"date_captured":"2024-10-21T09:29:25+00:00"},{"id":7,"license":1,"file_name":"DM047_F_L_png.rf.3373f07055832345f1c32b815cb4c230.jpg","height":512,"width":512,"date_captured":"2024-10-21T09:29:25+00:00"},{"id":8,"license":1,"file_name":"DM101_F_L_png.rf.20d93ef02db04621bc051e08aa690988.jpg","height":512,"width":512,"date_captured":"2024-10-21T09:29:25+00:00"},{"id":9,"license":1,"file_name":"DM067_F_L_png.rf.425cf5e5c26d1ca1621d90f7ec1b5a11.jpg","height":512,"width":512,"date_captured":"2024-10-21T09:29:25+00:00"},{"id":10,"license":1,"file_name":"CG035_M_R_png.rf.45f2a66c3b90d88d4a70b17e43b5673c.jpg","height":512,"width":512,"date_captured":"2024-10-21T09:29:25+00:00"},{"id":11,"license":1,"file_name":"DM010_M_L_png.rf.4680eeb5ad0b29957a1641d686c9a2e4.jpg","height":512,"width":512,"date_captured":"2024-10-21T09:29:25+00:00"},{"id":12,"license":1,"file_name":"CG031_M_L_png.rf.41c7e1ed70a09649faac7b028eed3209.jpg","height":512,"width":512,"date_captured":"2024-10-21T09:29:25+00:00"},{"id":13,"license":1,"file_name":"CG027_M_L_png.rf.2fe180737093c5f87777451ebf92b7fc.jpg","height":512,"width":512,"date_captured":"2024-10-21T09:29:25+00:00"},{"id":14,"license":1,"file_name":"CG019_F_R_png.rf.2bd4105a40dc335fdb70aa0f2dec918e.jpg","height":512,"width":512,"date_captured":"2024-10-21T09:29:25+00:00"},{"id":15,"license":1,"file_name":"DM119_F_L_png.rf.2aad7e604cfb401358408c1781d2f46a.jpg","height":512,"width":512,"date_captured":"2024-10-21T09:29:25+00:00"},{"id":16,"license":1,"file_name":"DM056_F_L_png.rf.3d77f8d79180f455179d384fdb69265d.jpg","height":512,"width":512,"date_captured":"2024-10-21T09:29:25+00:00"},{"id":17,"license":1,"file_name":"DM113_F_R_png.rf.009d714b20154c5893b0978060f838ce.jpg","height":512,"width":512,"date_captured":"2024-10-21T09:29:25+00:00"},{"id":18,"license":1,"file_name":"DM033_M_R_png.rf.36d2bd126d283e0febb3a4f9508afad3.jpg","height":512,"width":512,"date_captured":"2024-10-21T09:29:25+00:00"},{"id":19,"license":1,"file_name":"DM059_F_R_png.rf.2e0b80848c030b9a629feba058929000.jpg","height":512,"width":512,"date_captured":"2024-10-21T09:29:25+00:00"},{"id":20,"license":1,"file_name":"DM120_F_R_png.rf.4d8ee78ecc065cbc92f46b85141dec75.jpg","height":512,"width":512,"date_captured":"2024-10-21T09:29:25+00:00"},{"id":21,"license":1,"file_name":"DM028_M_R_png.rf.547b54effa5854af2f49631af2211df5.jpg","height":512,"width":512,"date_captured":"2024-10-21T09:29:25+00:00"},{"id":22,"license":1,"file_name":"DM088_M_R_png.rf.440bde9e68585d947322063f88b6cdd4.jpg","height":512,"width":512,"date_captured":"2024-10-21T09:29:25+00:00"},{"id":23,"license":1,"file_name":"CG008_F_L_png.rf.46cd59783355b3fce06e1ecba7da98df.jpg","height":512,"width":512,"date_captured":"2024-10-21T09:29:25+00:00"},{"id":24,"license":1,"file_name":"DM006_F_R_png.rf.68e12ff40e28b25e7843bd1d91fc888b.jpg","height":512,"width":512,"date_captured":"2024-10-21T09:29:25+00:00"},{"id":25,"license":1,"file_name":"DM026_M_L_png.rf.62973d4c7e8b4bbec0ffaa6ff8bc0020.jpg","height":512,"width":512,"date_captured":"2024-10-21T09:29:25+00:00"},{"id":26,"license":1,"file_name":"DM071_F_R_png.rf.6c4e01c32274bbabf04043b927a63709.jpg","height":512,"width":512,"date_captured":"2024-10-21T09:29:25+00:00"},{"id":27,"license":1,"file_name":"CG030_M_R_png.rf.71a0d59f31f3bb0a1a793270146f166d.jpg","height":512,"width":512,"date_captured":"2024-10-21T09:29:25+00:00"},{"id":28,"license":1,"file_name":"DM121_F_L_png.rf.5ab608028119729ae1f7e4c27e8a3d3b.jpg","height":512,"width":512,"date_captured":"2024-10-21T09:29:25+00:00"},{"id":29,"license":1,"file_name":"DM111_F_L_png.rf.7b3d874a2c02e72d8ac73b0ea6464f89.jpg","height":512,"width":512,"date_captured":"2024-10-21T09:29:25+00:00"},{"id":30,"license":1,"file_name":"CG013_M_L_png.rf.74fcc409fd80a833ef0c5d5c79230bbf.jpg","height":512,"width":512,"date_captured":"2024-10-21T09:29:25+00:00"},{"id":31,"license":1,"file_name":"DM082_F_L_png.rf.62882085ec686baa0065535c91bec5fa.jpg","height":512,"width":512,"date_captured":"2024-10-21T09:29:25+00:00"},{"id":32,"license":1,"file_name":"DM066_F_R_png.rf.8a0d2155b544d676d59288a492c3cdb7.jpg","height":512,"width":512,"date_captured":"2024-10-21T09:29:25+00:00"},{"id":33,"license":1,"file_name":"DM096_M_L_png.rf.786e196608373146d7f4562cab2298b6.jpg","height":512,"width":512,"date_captured":"2024-10-21T09:29:25+00:00"},{"id":34,"license":1,"file_name":"CG006_F_L_png.rf.78089f2437bf40b093901d8fb4b7d610.jpg","height":512,"width":512,"date_captured":"2024-10-21T09:29:25+00:00"},{"id":35,"license":1,"file_name":"DM005_M_L_png.rf.681fede39260f9531164a40f2ca62adc.jpg","height":512,"width":512,"date_captured":"2024-10-21T09:29:25+00:00"},{"id":36,"license":1,"file_name":"CG043_M_L_png.rf.596f9c63ffd45293a31e3fbc0e708683.jpg","height":512,"width":512,"date_captured":"2024-10-21T09:29:25+00:00"},{"id":37,"license":1,"file_name":"DM068_F_L_png.rf.6c71623cb947f596dfb4607eb9579bb0.jpg","height":512,"width":512,"date_captured":"2024-10-21T09:29:25+00:00"},{"id":38,"license":1,"file_name":"DM112_M_L_png.rf.5de5a48b202b0a04d70646bbca864986.jpg","height":512,"width":512,"date_captured":"2024-10-21T09:29:25+00:00"},{"id":39,"license":1,"file_name":"DM082_F_R_png.rf.81bec947a152de10a69aceb9e34172f9.jpg","height":512,"width":512,"date_captured":"2024-10-21T09:29:25+00:00"},{"id":40,"license":1,"file_name":"DM119_F_R_png.rf.27779fa2318855c239a9d63b7017e1eb.jpg","height":512,"width":512,"date_captured":"2024-10-21T09:29:25+00:00"},{"id":41,"license":1,"file_name":"CG010_M_L_png.rf.81cbd322ebbe0bf6cf365f83fd96e4e6.jpg","height":512,"width":512,"date_captured":"2024-10-21T09:29:25+00:00"},{"id":42,"license":1,"file_name":"CG010_M_R_png.rf.7fc1023ea4c8db2c398134cf521fc8d7.jpg","height":512,"width":512,"date_captured":"2024-10-21T09:29:25+00:00"},{"id":43,"license":1,"file_name":"DM109_F_R_png.rf.7640793fb93c02dfc4ba07345329c6f8.jpg","height":512,"width":512,"date_captured":"2024-10-21T09:29:25+00:00"},{"id":44,"license":1,"file_name":"DM049_F_L_png.rf.7c1fea21edfd5dee81d83f11d636d60a.jpg","height":512,"width":512,"date_captured":"2024-10-21T09:29:25+00:00"},{"id":45,"license":1,"file_name":"DM107_M_L_png.rf.7852469f094a0b9b68fc93c1d4bd7868.jpg","height":512,"width":512,"date_captured":"2024-10-21T09:29:25+00:00"},{"id":46,"license":1,"file_name":"CG022_M_L_png.rf.8fb64981635e040b08436c68911fb930.jpg","height":512,"width":512,"date_captured":"2024-10-21T09:29:25+00:00"},{"id":47,"license":1,"file_name":"DM047_F_R_png.rf.57c1d60a4ae583c06f9ee6561a677826.jpg","height":512,"width":512,"date_captured":"2024-10-21T09:29:25+00:00"},{"id":48,"license":1,"file_name":"DM091_M_R_png.rf.9e80b616c200dbb4e1111e5a7503f53a.jpg","height":512,"width":512,"date_captured":"2024-10-21T09:29:25+00:00"},{"id":49,"license":1,"file_name":"CG021_M_L_png.rf.93296ac7c77edcb55d09dcd552b00f71.jpg","height":512,"width":512,"date_captured":"2024-10-21T09:29:25+00:00"},{"id":50,"license":1,"file_name":"DM057_F_R_png.rf.7645d8093d010fb39a1a691e9e54a5e6.jpg","height":512,"width":512,"date_captured":"2024-10-21T09:29:25+00:00"},{"id":51,"license":1,"file_name":"DM091_M_L_png.rf.97f77f50c1ff1c1596aba44bb409f289.jpg","height":512,"width":512,"date_captured":"2024-10-21T09:29:25+00:00"},{"id":52,"license":1,"file_name":"CG009_M_R_png.rf.9011a25290917fbb13deaec7435db661.jpg","height":512,"width":512,"date_captured":"2024-10-21T09:29:25+00:00"},{"id":53,"license":1,"file_name":"DM068_F_R_png.rf.70a01542b1a222830a68ed4d9cefc139.jpg","height":512,"width":512,"date_captured":"2024-10-21T09:29:25+00:00"},{"id":54,"license":1,"file_name":"DM058_F_L_png.rf.9e257f8c2b4506df7e301ab518154f9d.jpg","height":512,"width":512,"date_captured":"2024-10-21T09:29:25+00:00"},{"id":55,"license":1,"file_name":"DM077_F_R_png.rf.9f9ff2bd4fd8b2f6369ef5562caad23d.jpg","height":512,"width":512,"date_captured":"2024-10-21T09:29:25+00:00"},{"id":56,"license":1,"file_name":"DM093_F_R_png.rf.aeb479be7efee98ec3b6648b9e215411.jpg","height":512,"width":512,"date_captured":"2024-10-21T09:29:25+00:00"},{"id":57,"license":1,"file_name":"DM010_M_R_png.rf.c3f4417796464a8ad1a0eccd7324f332.jpg","height":512,"width":512,"date_captured":"2024-10-21T09:29:25+00:00"},{"id":58,"license":1,"file_name":"DM066_F_L_png.rf.97cf01d85c9f457140cc3191afa925f2.jpg","height":512,"width":512,"date_captured":"2024-10-21T09:29:25+00:00"},{"id":59,"license":1,"file_name":"CG043_M_R_png.rf.9867a70a21aa59e768b5988d8ae4fe94.jpg","height":512,"width":512,"date_captured":"2024-10-21T09:29:25+00:00"},{"id":60,"license":1,"file_name":"DM113_F_L_png.rf.c7a66f57eb3cdce7b0467c0b41a5cfd0.jpg","height":512,"width":512,"date_captured":"2024-10-21T09:29:25+00:00"},{"id":61,"license":1,"file_name":"DM026_M_R_png.rf.ab6be1c602278aabec35f57408ba1e32.jpg","height":512,"width":512,"date_captured":"2024-10-21T09:29:25+00:00"},{"id":62,"license":1,"file_name":"DM112_M_R_png.rf.b378cad2524b002d21b7e4e28fd590aa.jpg","height":512,"width":512,"date_captured":"2024-10-21T09:29:25+00:00"},{"id":63,"license":1,"file_name":"CG036_M_R_png.rf.b1f0c440ab07ac379a673f3ba7915c53.jpg","height":512,"width":512,"date_captured":"2024-10-21T09:29:25+00:00"},{"id":64,"license":1,"file_name":"CG022_M_R_png.rf.cb7310425e2d1b8ebb6355da29f2ddcc.jpg","height":512,"width":512,"date_captured":"2024-10-21T09:29:25+00:00"},{"id":65,"license":1,"file_name":"DM002_M_R_png.rf.946f99aab24b53cf9b7b9badb9195dba.jpg","height":512,"width":512,"date_captured":"2024-10-21T09:29:25+00:00"},{"id":66,"license":1,"file_name":"CG032_M_R_png.rf.add0cb8e2b71d56394d4ebeca98e2243.jpg","height":512,"width":512,"date_captured":"2024-10-21T09:29:25+00:00"},{"id":67,"license":1,"file_name":"DM013_F_L_png.rf.c3352ec107e789462ed927d1e4622c01.jpg","height":512,"width":512,"date_captured":"2024-10-21T09:29:25+00:00"},{"id":68,"license":1,"file_name":"DM057_F_L_png.rf.95bf00e3e7f1b3d538af2e1f92a4a316.jpg","height":512,"width":512,"date_captured":"2024-10-21T09:29:25+00:00"},{"id":69,"license":1,"file_name":"CG009_M_L_png.rf.aebc275779c5e33b6d589b33496f1162.jpg","height":512,"width":512,"date_captured":"2024-10-21T09:29:25+00:00"},{"id":70,"license":1,"file_name":"CG004_F_L_png.rf.cad5ccd27067990a373262db89b06ad5.jpg","height":512,"width":512,"date_captured":"2024-10-21T09:29:25+00:00"},{"id":71,"license":1,"file_name":"DM092_F_R_png.rf.af9105d40b614fd3abb764765d5df59f.jpg","height":512,"width":512,"date_captured":"2024-10-21T09:29:25+00:00"},{"id":72,"license":1,"file_name":"DM095_F_L_png.rf.edf1e0e6ca05a9ceb844558136cf6077.jpg","height":512,"width":512,"date_captured":"2024-10-21T09:29:25+00:00"},{"id":73,"license":1,"file_name":"DM110_F_L_png.rf.dd33fa1a07917b38974852986f7f550c.jpg","height":512,"width":512,"date_captured":"2024-10-21T09:29:25+00:00"},{"id":74,"license":1,"file_name":"DM071_F_L_png.rf.ee6cf68278f773a9e68fb70052a5a084.jpg","height":512,"width":512,"date_captured":"2024-10-21T09:29:25+00:00"},{"id":75,"license":1,"file_name":"DM117_F_R_png.rf.e9dfc045fdbbfcc0fdca7987c9316982.jpg","height":512,"width":512,"date_captured":"2024-10-21T09:29:25+00:00"},{"id":76,"license":1,"file_name":"CG005_F_L_png.rf.c7799c30ef03290749ab0b48ddbf306b.jpg","height":512,"width":512,"date_captured":"2024-10-21T09:29:25+00:00"},{"id":77,"license":1,"file_name":"DM094_F_L_png.rf.e3a96fb6935dc42c09197db61e8f736f.jpg","height":512,"width":512,"date_captured":"2024-10-21T09:29:25+00:00"},{"id":78,"license":1,"file_name":"CG026_M_R_png.rf.e46e69c0f30301f71ab5fe51fd69e9f2.jpg","height":512,"width":512,"date_captured":"2024-10-21T09:29:25+00:00"},{"id":79,"license":1,"file_name":"DM016_F_L_png.rf.d8899f051253e25b3a8a8ac80240e014.jpg","height":512,"width":512,"date_captured":"2024-10-21T09:29:25+00:00"},{"id":80,"license":1,"file_name":"CG025_M_R_png.rf.e77d0a128b2a0b1faefed8693b393a2d.jpg","height":512,"width":512,"date_captured":"2024-10-21T09:29:25+00:00"},{"id":81,"license":1,"file_name":"CG016_M_L_png.rf.d665028dd0f2b88daf45f0c7e39d7174.jpg","height":512,"width":512,"date_captured":"2024-10-21T09:29:25+00:00"},{"id":82,"license":1,"file_name":"DM122_F_R_png.rf.efcb066fe8b152c32a5880ef877fb74f.jpg","height":512,"width":512,"date_captured":"2024-10-21T09:29:25+00:00"},{"id":83,"license":1,"file_name":"DM006_F_L_png.rf.ec0f9a4150403cc94f7123f56534bfc3.jpg","height":512,"width":512,"date_captured":"2024-10-21T09:29:25+00:00"},{"id":84,"license":1,"file_name":"DM093_F_L_png.rf.da10e387f8352c38dad594b79eabfb45.jpg","height":512,"width":512,"date_captured":"2024-10-21T09:29:25+00:00"},{"id":85,"license":1,"file_name":"DM109_F_L_png.rf.fa6a3f4fa1f46e769145807a53035e93.jpg","height":512,"width":512,"date_captured":"2024-10-21T09:29:25+00:00"},{"id":86,"license":1,"file_name":"DM003_F_L_png.rf.ee72fca22c2118e00d1082fcc92a17e7.jpg","height":512,"width":512,"date_captured":"2024-10-21T09:29:25+00:00"},{"id":87,"license":1,"file_name":"CG018_M_L_png.rf.f700584dbc86a657877a73fcb94172d2.jpg","height":512,"width":512,"date_captured":"2024-10-21T09:29:25+00:00"},{"id":88,"license":1,"file_name":"DM059_F_L_png.rf.f1b7d93a6b5a87789fadd4636c12b16f.jpg","height":512,"width":512,"date_captured":"2024-10-21T09:29:25+00:00"},{"id":89,"license":1,"file_name":"DM005_M_R_png.rf.f68874e916059857958868adb6dc16fc.jpg","height":512,"width":512,"date_captured":"2024-10-21T09:29:25+00:00"},{"id":90,"license":1,"file_name":"DM014_F_R_png.rf.f62c150e308f37528d81158c55294a7a.jpg","height":512,"width":512,"date_captured":"2024-10-21T09:29:25+00:00"},{"id":91,"license":1,"file_name":"CG023_F_L_png.rf.f282457752a4a107b55cd7d22cf6d5eb.jpg","height":512,"width":512,"date_captured":"2024-10-21T09:29:25+00:00"},{"id":92,"license":1,"file_name":"CG021_M_R_png.rf.fd84d812125c211debf306bac5d76737.jpg","height":512,"width":512,"date_captured":"2024-10-21T09:29:25+00:00"}],"annotations":[{"id":0,"image_id":0,"category_id":1,"bbox":[150,0,212,512],"area":108544,"segmentation":[],"iscrowd":0},{"id":1,"image_id":1,"category_id":1,"bbox":[148,0,216,512],"area":110592,"segmentation":[],"iscrowd":0},{"id":2,"image_id":2,"category_id":1,"bbox":[162,0,188,512],"area":96256,"segmentation":[],"iscrowd":0},{"id":3,"image_id":3,"category_id":2,"bbox":[117,0,279,512],"area":142848,"segmentation":[],"iscrowd":0},{"id":4,"image_id":4,"category_id":3,"bbox":[141,0,230,512],"area":117760,"segmentation":[],"iscrowd":0},{"id":5,"image_id":5,"category_id":3,"bbox":[139,0,235,512],"area":120320,"segmentation":[],"iscrowd":0},{"id":6,"image_id":6,"category_id":1,"bbox":[156,0,200,512],"area":102400,"segmentation":[],"iscrowd":0},{"id":7,"image_id":7,"category_id":2,"bbox":[139,0,234,512],"area":119808,"segmentation":[],"iscrowd":0},{"id":8,"image_id":8,"category_id":3,"bbox":[144,0,224,512],"area":114688,"segmentation":[],"iscrowd":0},{"id":9,"image_id":9,"category_id":3,"bbox":[144,0,225,512],"area":115200,"segmentation":[],"iscrowd":0},{"id":10,"image_id":10,"category_id":1,"bbox":[145,0,222,512],"area":113664,"segmentation":[],"iscrowd":0},{"id":11,"image_id":11,"category_id":2,"bbox":[137,0,239,512],"area":122368,"segmentation":[],"iscrowd":0},{"id":12,"image_id":12,"category_id":1,"bbox":[144,0,225,512],"area":115200,"segmentation":[],"iscrowd":0},{"id":13,"image_id":13,"category_id":1,"bbox":[154,0,205,512],"area":104960,"segmentation":[],"iscrowd":0},{"id":14,"image_id":14,"category_id":1,"bbox":[142,0,228,512],"area":116736,"segmentation":[],"iscrowd":0},{"id":15,"image_id":15,"category_id":2,"bbox":[159,0,195,512],"area":99840,"segmentation":[],"iscrowd":0},{"id":16,"image_id":16,"category_id":3,"bbox":[145,0,223,512],"area":114176,"segmentation":[],"iscrowd":0},{"id":17,"image_id":17,"category_id":3,"bbox":[153,0,206,512],"area":105472,"segmentation":[],"iscrowd":0},{"id":18,"image_id":18,"category_id":3,"bbox":[146,0,220,512],"area":112640,"segmentation":[],"iscrowd":0},{"id":19,"image_id":19,"category_id":2,"bbox":[148,0,216,512],"area":110592,"segmentation":[],"iscrowd":0},{"id":20,"image_id":20,"category_id":2,"bbox":[134,0,245,512],"area":125440,"segmentation":[],"iscrowd":0},{"id":21,"image_id":21,"category_id":3,"bbox":[146,0,220,512],"area":112640,"segmentation":[],"iscrowd":0},{"id":22,"image_id":22,"category_id":2,"bbox":[157,0,199,512],"area":101888,"segmentation":[],"iscrowd":0},{"id":23,"image_id":23,"category_id":1,"bbox":[159,0,194,512],"area":99328,"segmentation":[],"iscrowd":0},{"id":24,"image_id":24,"category_id":2,"bbox":[141,0,230,512],"area":117760,"segmentation":[],"iscrowd":0},{"id":25,"image_id":25,"category_id":2,"bbox":[157,0,198,512],"area":101376,"segmentation":[],"iscrowd":0},{"id":26,"image_id":26,"category_id":3,"bbox":[134,0,245,512],"area":125440,"segmentation":[],"iscrowd":0},{"id":27,"image_id":27,"category_id":1,"bbox":[139,0,235,512],"area":120320,"segmentation":[],"iscrowd":0},{"id":28,"image_id":28,"category_id":2,"bbox":[150,0,212,512],"area":108544,"segmentation":[],"iscrowd":0},{"id":29,"image_id":29,"category_id":3,"bbox":[148,0,217,512],"area":111104,"segmentation":[],"iscrowd":0},{"id":30,"image_id":30,"category_id":1,"bbox":[162,0,188,512],"area":96256,"segmentation":[],"iscrowd":0},{"id":31,"image_id":31,"category_id":2,"bbox":[149,0,214,512],"area":109568,"segmentation":[],"iscrowd":0},{"id":32,"image_id":32,"category_id":3,"bbox":[152,0,209,512],"area":107008,"segmentation":[],"iscrowd":0},{"id":33,"image_id":33,"category_id":3,"bbox":[146,0,221,512],"area":113152,"segmentation":[],"iscrowd":0},{"id":34,"image_id":34,"category_id":1,"bbox":[156,0,201,512],"area":102912,"segmentation":[],"iscrowd":0},{"id":35,"image_id":35,"category_id":3,"bbox":[155,0,202,512],"area":103424,"segmentation":[],"iscrowd":0},{"id":36,"image_id":36,"category_id":1,"bbox":[147,0,218,512],"area":111616,"segmentation":[],"iscrowd":0},{"id":37,"image_id":37,"category_id":2,"bbox":[141,0,231,512],"area":118272,"segmentation":[],"iscrowd":0},{"id":38,"image_id":38,"category_id":3,"bbox":[161,0,190,512],"area":97280,"segmentation":[],"iscrowd":0},{"id":39,"image_id":39,"category_id":2,"bbox":[154,0,205,512],"area":104960,"segmentation":[],"iscrowd":0},{"id":40,"image_id":40,"category_id":2,"bbox":[153,0,206,512],"area":105472,"segmentation":[],"iscrowd":0},{"id":41,"image_id":41,"category_id":1,"bbox":[164,0,184,512],"area":94208,"segmentation":[],"iscrowd":0},{"id":42,"image_id":42,"category_id":1,"bbox":[162,0,189,512],"area":96768,"segmentation":[],"iscrowd":0},{"id":43,"image_id":43,"category_id":2,"bbox":[143,0,226,512],"area":115712,"segmentation":[],"iscrowd":0},{"id":44,"image_id":44,"category_id":3,"bbox":[149,0,215,512],"area":110080,"segmentation":[],"iscrowd":0},{"id":45,"image_id":45,"category_id":3,"bbox":[155,0,203,512],"area":103936,"segmentation":[],"iscrowd":0},{"id":46,"image_id":46,"category_id":1,"bbox":[144,0,225,512],"area":115200,"segmentation":[],"iscrowd":0},{"id":47,"image_id":47,"category_id":2,"bbox":[142,0,228,512],"area":116736,"segmentation":[],"iscrowd":0},{"id":48,"image_id":48,"category_id":2,"bbox":[157,0,199,512],"area":101888,"segmentation":[],"iscrowd":0},{"id":49,"image_id":49,"category_id":1,"bbox":[156,0,201,512],"area":102912,"segmentation":[],"iscrowd":0},{"id":50,"image_id":50,"category_id":3,"bbox":[145,0,223,512],"area":114176,"segmentation":[],"iscrowd":0},{"id":51,"image_id":51,"category_id":2,"bbox":[156,0,200,512],"area":102400,"segmentation":[],"iscrowd":0},{"id":52,"image_id":52,"category_id":1,"bbox":[156,0,200,512],"area":102400,"segmentation":[],"iscrowd":0},{"id":53,"image_id":53,"category_id":2,"bbox":[136,0,241,512],"area":123392,"segmentation":[],"iscrowd":0},{"id":54,"image_id":54,"category_id":3,"bbox":[108,0,296,512],"area":151552,"segmentation":[],"iscrowd":0},{"id":55,"image_id":55,"category_id":2,"bbox":[155,0,202,512],"area":103424,"segmentation":[],"iscrowd":0},{"id":56,"image_id":56,"category_id":2,"bbox":[144,0,225,512],"area":115200,"segmentation":[],"iscrowd":0},{"id":57,"image_id":57,"category_id":2,"bbox":[132,0,249,512],"area":127488,"segmentation":[],"iscrowd":0},{"id":58,"image_id":58,"category_id":3,"bbox":[138,0,236,512],"area":120832,"segmentation":[],"iscrowd":0},{"id":59,"image_id":59,"category_id":1,"bbox":[146,0,221,512],"area":113152,"segmentation":[],"iscrowd":0},{"id":60,"image_id":60,"category_id":3,"bbox":[147,0,218,512],"area":111616,"segmentation":[],"iscrowd":0},{"id":61,"image_id":61,"category_id":2,"bbox":[160,0,193,512],"area":98816,"segmentation":[],"iscrowd":0},{"id":62,"image_id":62,"category_id":3,"bbox":[159,0,194,512],"area":99328,"segmentation":[],"iscrowd":0},{"id":63,"image_id":63,"category_id":1,"bbox":[160,0,193,512],"area":98816,"segmentation":[],"iscrowd":0},{"id":64,"image_id":64,"category_id":1,"bbox":[139,0,235,512],"area":120320,"segmentation":[],"iscrowd":0},{"id":65,"image_id":65,"category_id":3,"bbox":[154,0,204,512],"area":104448,"segmentation":[],"iscrowd":0},{"id":66,"image_id":66,"category_id":1,"bbox":[150,0,212,512],"area":108544,"segmentation":[],"iscrowd":0},{"id":67,"image_id":67,"category_id":3,"bbox":[131,0,250,512],"area":128000,"segmentation":[],"iscrowd":0},{"id":68,"image_id":68,"category_id":2,"bbox":[147,0,218,512],"area":111616,"segmentation":[],"iscrowd":0},{"id":69,"image_id":69,"category_id":1,"bbox":[162,0,188,512],"area":96256,"segmentation":[],"iscrowd":0},{"id":70,"image_id":70,"category_id":1,"bbox":[138,0,237,512],"area":121344,"segmentation":[],"iscrowd":0},{"id":71,"image_id":71,"category_id":2,"bbox":[144,0,224,512],"area":114688,"segmentation":[],"iscrowd":0},{"id":72,"image_id":72,"category_id":3,"bbox":[154,0,204,512],"area":104448,"segmentation":[],"iscrowd":0},{"id":73,"image_id":73,"category_id":3,"bbox":[140,0,232,512],"area":118784,"segmentation":[],"iscrowd":0},{"id":74,"image_id":74,"category_id":3,"bbox":[137,0,238,512],"area":121856,"segmentation":[],"iscrowd":0},{"id":75,"image_id":75,"category_id":3,"bbox":[152,0,209,512],"area":107008,"segmentation":[],"iscrowd":0},{"id":76,"image_id":76,"category_id":1,"bbox":[144,0,224,512],"area":114688,"segmentation":[],"iscrowd":0},{"id":77,"image_id":77,"category_id":3,"bbox":[145,0,222,512],"area":113664,"segmentation":[],"iscrowd":0},{"id":78,"image_id":78,"category_id":1,"bbox":[159,0,195,512],"area":99840,"segmentation":[],"iscrowd":0},{"id":79,"image_id":79,"category_id":2,"bbox":[134,0,244,512],"area":124928,"segmentation":[],"iscrowd":0},{"id":80,"image_id":80,"category_id":1,"bbox":[157,0,198,512],"area":101376,"segmentation":[],"iscrowd":0},{"id":81,"image_id":81,"category_id":1,"bbox":[149,0,214,512],"area":109568,"segmentation":[],"iscrowd":0},{"id":82,"image_id":82,"category_id":3,"bbox":[151,0,211,512],"area":108032,"segmentation":[],"iscrowd":0},{"id":83,"image_id":83,"category_id":2,"bbox":[144,0,224,512],"area":114688,"segmentation":[],"iscrowd":0},{"id":84,"image_id":84,"category_id":2,"bbox":[136,0,241,512],"area":123392,"segmentation":[],"iscrowd":0},{"id":85,"image_id":85,"category_id":2,"bbox":[154,0,204,512],"area":104448,"segmentation":[],"iscrowd":0},{"id":86,"image_id":86,"category_id":3,"bbox":[116,0,281,512],"area":143872,"segmentation":[],"iscrowd":0},{"id":87,"image_id":87,"category_id":1,"bbox":[156,0,201,512],"area":102912,"segmentation":[],"iscrowd":0},{"id":88,"image_id":88,"category_id":2,"bbox":[146,0,220,512],"area":112640,"segmentation":[],"iscrowd":0},{"id":89,"image_id":89,"category_id":3,"bbox":[157,0,199,512],"area":101888,"segmentation":[],"iscrowd":0},{"id":90,"image_id":90,"category_id":2,"bbox":[134,0,244,512],"area":124928,"segmentation":[],"iscrowd":0},{"id":91,"image_id":91,"category_id":1,"bbox":[130,0,253,512],"area":129536,"segmentation":[],"iscrowd":0},{"id":92,"image_id":92,"category_id":1,"bbox":[143,0,226,512],"area":115712,"segmentation":[],"iscrowd":0}]}