{"info":{"year":"2024","version":"2","description":"Exported from roboflow.com","contributor":"","url":"https://public.roboflow.com/object-detection/undefined","date_created":"2024-10-21T11:09:03+00:00"},"licenses":[{"id":1,"url":"https://creativecommons.org/licenses/by/4.0/","name":"CC BY 4.0"}],"categories":[{"id":0,"name":"All","supercategory":"none"},{"id":1,"name":"1","supercategory":"All"},{"id":2,"name":"2","supercategory":"All"},{"id":3,"name":"3","supercategory":"All"},{"id":4,"name":"4","supercategory":"All"},{"id":5,"name":"5","supercategory":"All"},{"id":6,"name":"H","supercategory":"All"}],"images":[{"id":0,"license":1,"file_name":"CG023_F_L_png.rf.05d45916e39434f48cb22fe8c130f237.jpg","height":512,"width":512,"date_captured":"2024-10-21T11:09:03+00:00"},{"id":1,"license":1,"file_name":"DM093_F_R_png.rf.0de7ae6e79d25b279a7f604828d984b2.jpg","height":512,"width":512,"date_captured":"2024-10-21T11:09:03+00:00"},{"id":2,"license":1,"file_name":"DM034_F_L_png.rf.0c5fd844b2b14f845ef5929127d93316.jpg","height":512,"width":512,"date_captured":"2024-10-21T11:09:03+00:00"},{"id":3,"license":1,"file_name":"DM092_F_L_png.rf.0ed750a94d7344722b0cf6818b60cc0e.jpg","height":512,"width":512,"date_captured":"2024-10-21T11:09:03+00:00"},{"id":4,"license":1,"file_name":"DM078_F_L_png.rf.10bb96fc805643e95248036ee56dcaed.jpg","height":512,"width":512,"date_captured":"2024-10-21T11:09:03+00:00"},{"id":5,"license":1,"file_name":"DM060_F_L_png.rf.0f4230e9d076085abfaf596bba3a6e02.jpg","height":512,"width":512,"date_captured":"2024-10-21T11:09:03+00:00"},{"id":6,"license":1,"file_name":"DM097_F_L_png.rf.0cbdb7c6f9249ee5bc4b19c9304e255b.jpg","height":512,"width":512,"date_captured":"2024-10-21T11:09:03+00:00"},{"id":7,"license":1,"file_name":"CG044_F_L_png.rf.06bdcd9c6165d35532ec4e8ddef610b1.jpg","height":512,"width":512,"date_captured":"2024-10-21T11:09:03+00:00"},{"id":8,"license":1,"file_name":"DM054_F_L_png.rf.036f2e64c48dcdb51605421e19bd58a2.jpg","height":512,"width":512,"date_captured":"2024-10-21T11:09:03+00:00"},{"id":9,"license":1,"file_name":"DM052_F_R_png.rf.0b0a36e9cfa0dbb858138f1a59849ab5.jpg","height":512,"width":512,"date_captured":"2024-10-21T11:09:03+00:00"},{"id":10,"license":1,"file_name":"DM024_M_R_png.rf.160e27ef2cde7be8eb70e638d5d0c476.jpg","height":512,"width":512,"date_captured":"2024-10-21T11:09:03+00:00"},{"id":11,"license":1,"file_name":"CG002_M_R_png.rf.1b610966f456048bb742027d726b54d6.jpg","height":512,"width":512,"date_captured":"2024-10-21T11:09:03+00:00"},{"id":12,"license":1,"file_name":"DM081_F_L_png.rf.070c4a8025f2578ddf2e787cefa8d625.jpg","height":512,"width":512,"date_captured":"2024-10-21T11:09:03+00:00"},{"id":13,"license":1,"file_name":"DM020_F_R_png.rf.09cf86ebf06130dd7e6831a43583aee3.jpg","height":512,"width":512,"date_captured":"2024-10-21T11:09:03+00:00"},{"id":14,"license":1,"file_name":"DM057_F_R_png.rf.0329430f75dbb52148df39ef6c5c9ef1.jpg","height":512,"width":512,"date_captured":"2024-10-21T11:09:03+00:00"},{"id":15,"license":1,"file_name":"DM120_F_R_png.rf.0b48252125df9f5c4164ab1894262233.jpg","height":512,"width":512,"date_captured":"2024-10-21T11:09:03+00:00"},{"id":16,"license":1,"file_name":"DM094_F_L_png.rf.13a63fd1e3d27de4eb6061fe4e92a86f.jpg","height":512,"width":512,"date_captured":"2024-10-21T11:09:03+00:00"},{"id":17,"license":1,"file_name":"DM033_M_R_png.rf.0c4d08c069c33c0461fec0a0761802fa.jpg","height":512,"width":512,"date_captured":"2024-10-21T11:09:03+00:00"},{"id":18,"license":1,"file_name":"DM025_M_R_png.rf.17b6f6ab7b3f6dc85b0d6fdeda48a168.jpg","height":512,"width":512,"date_captured":"2024-10-21T11:09:03+00:00"},{"id":19,"license":1,"file_name":"CG036_M_L_png.rf.1fc6631f58efa1eee3acbdb9680c28bb.jpg","height":512,"width":512,"date_captured":"2024-10-21T11:09:03+00:00"},{"id":20,"license":1,"file_name":"CG042_F_L_png.rf.17e614e84a11d5dac854dbc83fc32201.jpg","height":512,"width":512,"date_captured":"2024-10-21T11:09:03+00:00"},{"id":21,"license":1,"file_name":"DM011_F_R_png.rf.06d7bd59b51d742dd6e7cdaf921fe5f2.jpg","height":512,"width":512,"date_captured":"2024-10-21T11:09:03+00:00"},{"id":22,"license":1,"file_name":"DM082_F_R_png.rf.1ff073c56b7f5f3224d9e9bd1d3b4dda.jpg","height":512,"width":512,"date_captured":"2024-10-21T11:09:03+00:00"},{"id":23,"license":1,"file_name":"DM052_F_L_png.rf.13a07182cf8eebd87ed6967608b91319.jpg","height":512,"width":512,"date_captured":"2024-10-21T11:09:03+00:00"},{"id":24,"license":1,"file_name":"DM104_F_L_png.rf.2157650e14bbb5bf48adba158334aecd.jpg","height":512,"width":512,"date_captured":"2024-10-21T11:09:03+00:00"},{"id":25,"license":1,"file_name":"DM094_F_R_png.rf.16d64bc68abf190a80327d6dd3ee6688.jpg","height":512,"width":512,"date_captured":"2024-10-21T11:09:03+00:00"},{"id":26,"license":1,"file_name":"DM024_M_L_png.rf.29beb979a115c3c4d1b8cadd8f88bfc2.jpg","height":512,"width":512,"date_captured":"2024-10-21T11:09:03+00:00"},{"id":27,"license":1,"file_name":"CG020_F_R_png.rf.23004ec4a63a4fefa192fe7644d8990e.jpg","height":512,"width":512,"date_captured":"2024-10-21T11:09:03+00:00"},{"id":28,"license":1,"file_name":"DM056_F_L_png.rf.30b88b06ee3557830f80fe2df6f896b9.jpg","height":512,"width":512,"date_captured":"2024-10-21T11:09:03+00:00"},{"id":29,"license":1,"file_name":"DM065_F_R_png.rf.2db327cb6993a5a7d4b3790e35d785fc.jpg","height":512,"width":512,"date_captured":"2024-10-21T11:09:03+00:00"},{"id":30,"license":1,"file_name":"DM007_F_R_png.rf.219c08c2708133ccef22dde8f1b000c8.jpg","height":512,"width":512,"date_captured":"2024-10-21T11:09:03+00:00"},{"id":31,"license":1,"file_name":"CG014_M_R_png.rf.21e8b648fafa8b3fd921d167d0e91112.jpg","height":512,"width":512,"date_captured":"2024-10-21T11:09:03+00:00"},{"id":32,"license":1,"file_name":"DM049_F_R_png.rf.3078f26adc37abb97049de3f3c898a8d.jpg","height":512,"width":512,"date_captured":"2024-10-21T11:09:03+00:00"},{"id":33,"license":1,"file_name":"DM083_M_R_png.rf.3497d419a26c107c2f4ab15ee41b4d45.jpg","height":512,"width":512,"date_captured":"2024-10-21T11:09:03+00:00"},{"id":34,"license":1,"file_name":"DM076_M_R_png.rf.21c13d185057c34964eabdab1202bca1.jpg","height":512,"width":512,"date_captured":"2024-10-21T11:09:03+00:00"},{"id":35,"license":1,"file_name":"DM112_M_L_png.rf.23320b555e6f0107119e675bca7de130.jpg","height":512,"width":512,"date_captured":"2024-10-21T11:09:03+00:00"},{"id":36,"license":1,"file_name":"DM036_M_R_png.rf.34c76e3b214cd7462c11dbf0ac5a429b.jpg","height":512,"width":512,"date_captured":"2024-10-21T11:09:03+00:00"},{"id":37,"license":1,"file_name":"DM072_F_R_png.rf.29e80c6aec5db82b8721f12a35be04df.jpg","height":512,"width":512,"date_captured":"2024-10-21T11:09:03+00:00"},{"id":38,"license":1,"file_name":"CG037_M_L_png.rf.3017139321676edfd2a4a75225666206.jpg","height":512,"width":512,"date_captured":"2024-10-21T11:09:03+00:00"},{"id":39,"license":1,"file_name":"DM039_M_R_png.rf.2f5820bd8711bf8b96b8797285c0afb3.jpg","height":512,"width":512,"date_captured":"2024-10-21T11:09:03+00:00"},{"id":40,"license":1,"file_name":"DM107_M_R_png.rf.2dfef64a8e1a83eece11ccf3054ba097.jpg","height":512,"width":512,"date_captured":"2024-10-21T11:09:03+00:00"},{"id":41,"license":1,"file_name":"CG038_M_L_png.rf.31de7cbbad6a34b5dc1a1534330fcdf7.jpg","height":512,"width":512,"date_captured":"2024-10-21T11:09:03+00:00"},{"id":42,"license":1,"file_name":"CG017_F_L_png.rf.30c95b57f70219c8dad9415720a64c06.jpg","height":512,"width":512,"date_captured":"2024-10-21T11:09:03+00:00"},{"id":43,"license":1,"file_name":"CG021_M_L_png.rf.345def82465bdb6349f75be5adf30f9a.jpg","height":512,"width":512,"date_captured":"2024-10-21T11:09:03+00:00"},{"id":44,"license":1,"file_name":"DM107_M_L_png.rf.2d341ee9ee9b2b748c28eaca8117917a.jpg","height":512,"width":512,"date_captured":"2024-10-21T11:09:03+00:00"},{"id":45,"license":1,"file_name":"CG013_M_R_png.rf.2a80e88180bb4d4a0e47788cadc327fd.jpg","height":512,"width":512,"date_captured":"2024-10-21T11:09:03+00:00"},{"id":46,"license":1,"file_name":"DM103_F_R_png.rf.28eea0b78ba7a042892c2cfa56531910.jpg","height":512,"width":512,"date_captured":"2024-10-21T11:09:03+00:00"},{"id":47,"license":1,"file_name":"CG004_F_L_png.rf.309250b131c86e7c29ee7a540dbfda71.jpg","height":512,"width":512,"date_captured":"2024-10-21T11:09:03+00:00"},{"id":48,"license":1,"file_name":"DM068_F_L_png.rf.3787d56377f9b5f2c5b1a881b6c08d49.jpg","height":512,"width":512,"date_captured":"2024-10-21T11:09:03+00:00"},{"id":49,"license":1,"file_name":"DM092_F_R_png.rf.41104e1e542e2dddf737e19fbd06496e.jpg","height":512,"width":512,"date_captured":"2024-10-21T11:09:03+00:00"},{"id":50,"license":1,"file_name":"DM004_M_L_png.rf.3fdf70c25980fef5f44388a257086cb4.jpg","height":512,"width":512,"date_captured":"2024-10-21T11:09:03+00:00"},{"id":51,"license":1,"file_name":"DM071_F_L_png.rf.3fce4d4509f9b87d3d198548de875df1.jpg","height":512,"width":512,"date_captured":"2024-10-21T11:09:03+00:00"},{"id":52,"license":1,"file_name":"DM015_M_R_png.rf.3726ad3d09fd7978a755f64738bcc3fd.jpg","height":512,"width":512,"date_captured":"2024-10-21T11:09:03+00:00"},{"id":53,"license":1,"file_name":"CG022_M_R_png.rf.3a4c152bbb2743e31c3a55bbeb8327f3.jpg","height":512,"width":512,"date_captured":"2024-10-21T11:09:03+00:00"},{"id":54,"license":1,"file_name":"DM043_M_R_png.rf.3be6691e2c1835333227b4a65f9b8aa4.jpg","height":512,"width":512,"date_captured":"2024-10-21T11:09:03+00:00"},{"id":55,"license":1,"file_name":"DM088_M_R_png.rf.4307109ea24d47af18abdcbeac3417ac.jpg","height":512,"width":512,"date_captured":"2024-10-21T11:09:03+00:00"},{"id":56,"license":1,"file_name":"CG045_M_L_png.rf.48ba71c3ad3a8fc30e7f6415defd436e.jpg","height":512,"width":512,"date_captured":"2024-10-21T11:09:03+00:00"},{"id":57,"license":1,"file_name":"DM053_M_L_png.rf.3abc7c7638f6048701313072fd4e6ad6.jpg","height":512,"width":512,"date_captured":"2024-10-21T11:09:03+00:00"},{"id":58,"license":1,"file_name":"CG009_M_L_png.rf.44ccc52315504256ea35742e11ebfb9c.jpg","height":512,"width":512,"date_captured":"2024-10-21T11:09:03+00:00"},{"id":59,"license":1,"file_name":"DM101_F_R_png.rf.463d4127c368f73a8ed48e02864ea8b0.jpg","height":512,"width":512,"date_captured":"2024-10-21T11:09:03+00:00"},{"id":60,"license":1,"file_name":"CG024_F_R_png.rf.46be9586b36f8a7792326dbe45d99997.jpg","height":512,"width":512,"date_captured":"2024-10-21T11:09:03+00:00"},{"id":61,"license":1,"file_name":"DM101_F_L_png.rf.450557812db2e745d68ea12c5b5d6a78.jpg","height":512,"width":512,"date_captured":"2024-10-21T11:09:03+00:00"},{"id":62,"license":1,"file_name":"CG016_M_R_png.rf.437df7b26b31de914e57cd9a9ed1d73a.jpg","height":512,"width":512,"date_captured":"2024-10-21T11:09:03+00:00"},{"id":63,"license":1,"file_name":"DM117_F_R_png.rf.4874d9f40986707a2f9df2df3c782b82.jpg","height":512,"width":512,"date_captured":"2024-10-21T11:09:03+00:00"},{"id":64,"license":1,"file_name":"DM011_F_L_png.rf.46ecece36f46e40194ea81ed51a093b3.jpg","height":512,"width":512,"date_captured":"2024-10-21T11:09:03+00:00"},{"id":65,"license":1,"file_name":"CG035_M_R_png.rf.44786309b84947b64310a59fc60d0682.jpg","height":512,"width":512,"date_captured":"2024-10-21T11:09:03+00:00"},{"id":66,"license":1,"file_name":"DM108_F_L_png.rf.341b845b8d51ee34dca83f5941559927.jpg","height":512,"width":512,"date_captured":"2024-10-21T11:09:03+00:00"},{"id":67,"license":1,"file_name":"CG015_M_R_png.rf.4767e6cf713382df2d71356a923317bd.jpg","height":512,"width":512,"date_captured":"2024-10-21T11:09:03+00:00"},{"id":68,"license":1,"file_name":"DM089_F_L_png.rf.49d16da1ae88248e4c22b17333721c4b.jpg","height":512,"width":512,"date_captured":"2024-10-21T11:09:03+00:00"},{"id":69,"license":1,"file_name":"DM055_F_R_png.rf.478335ca8d09e0278afabedf1d79ca36.jpg","height":512,"width":512,"date_captured":"2024-10-21T11:09:03+00:00"},{"id":70,"license":1,"file_name":"DM003_F_L_png.rf.37e9913d1ebce1840d26df67f30f3a46.jpg","height":512,"width":512,"date_captured":"2024-10-21T11:09:03+00:00"},{"id":71,"license":1,"file_name":"CG041_F_R_png.rf.4b90113cd6441e7dff7dff4fe7c67515.jpg","height":512,"width":512,"date_captured":"2024-10-21T11:09:03+00:00"},{"id":72,"license":1,"file_name":"DM029_F_R_png.rf.49684b0cde1ef1c80921bb07db60ee54.jpg","height":512,"width":512,"date_captured":"2024-10-21T11:09:03+00:00"},{"id":73,"license":1,"file_name":"DM012_F_R_png.rf.4387caeef83d7d86c9ee013abe16a2b6.jpg","height":512,"width":512,"date_captured":"2024-10-21T11:09:03+00:00"},{"id":74,"license":1,"file_name":"CG008_F_L_png.rf.4a2b856c4ddba4b186b61e2d7893c765.jpg","height":512,"width":512,"date_captured":"2024-10-21T11:09:03+00:00"},{"id":75,"license":1,"file_name":"DM109_F_L_png.rf.49d33a23891b1f619d95be94f01135fa.jpg","height":512,"width":512,"date_captured":"2024-10-21T11:09:03+00:00"},{"id":76,"license":1,"file_name":"DM074_F_L_png.rf.52a63290d61366ef11d1506c5d38eb4c.jpg","height":512,"width":512,"date_captured":"2024-10-21T11:09:03+00:00"},{"id":77,"license":1,"file_name":"DM016_F_R_png.rf.52dafa893ed29fb1c8d1be91eea2e994.jpg","height":512,"width":512,"date_captured":"2024-10-21T11:09:03+00:00"},{"id":78,"license":1,"file_name":"DM055_F_L_png.rf.4a10ff96ffe5c33ab9f182b386182644.jpg","height":512,"width":512,"date_captured":"2024-10-21T11:09:03+00:00"},{"id":79,"license":1,"file_name":"CG025_M_L_png.rf.44b1df462c6587feb167e81c8e553154.jpg","height":512,"width":512,"date_captured":"2024-10-21T11:09:03+00:00"},{"id":80,"license":1,"file_name":"CG005_F_R_png.rf.55d68d3334645b031170179583ed85c5.jpg","height":512,"width":512,"date_captured":"2024-10-21T11:09:03+00:00"},{"id":81,"license":1,"file_name":"DM085_F_R_png.rf.597b6f958c7a7bdc47b0167795008a9a.jpg","height":512,"width":512,"date_captured":"2024-10-21T11:09:03+00:00"},{"id":82,"license":1,"file_name":"DM114_F_R_png.rf.4c91369f509b4f4109688d1822fb35bd.jpg","height":512,"width":512,"date_captured":"2024-10-21T11:09:03+00:00"},{"id":83,"license":1,"file_name":"DM020_F_L_png.rf.59f2fe1da1fc8591041de6fdf25d9cad.jpg","height":512,"width":512,"date_captured":"2024-10-21T11:09:03+00:00"},{"id":84,"license":1,"file_name":"DM117_F_L_png.rf.56b74033525ebadb6866acd05cb960d2.jpg","height":512,"width":512,"date_captured":"2024-10-21T11:09:03+00:00"},{"id":85,"license":1,"file_name":"DM060_F_R_png.rf.5907698ff5b36361def80b5046a90aaf.jpg","height":512,"width":512,"date_captured":"2024-10-21T11:09:03+00:00"},{"id":86,"license":1,"file_name":"DM014_F_L_png.rf.39d3650b2cc90eb142e322f20a0b483a.jpg","height":512,"width":512,"date_captured":"2024-10-21T11:09:03+00:00"},{"id":87,"license":1,"file_name":"DM070_F_L_png.rf.5d9e0ff5b1f4744b89cba1fd4411dab5.jpg","height":512,"width":512,"date_captured":"2024-10-21T11:09:03+00:00"},{"id":88,"license":1,"file_name":"CG016_M_L_png.rf.58af4236d8b1bdb1c5defe6f2f0768d2.jpg","height":512,"width":512,"date_captured":"2024-10-21T11:09:03+00:00"},{"id":89,"license":1,"file_name":"DM042_F_L_png.rf.630f62c340dfba952767b6c82f30f874.jpg","height":512,"width":512,"date_captured":"2024-10-21T11:09:03+00:00"},{"id":90,"license":1,"file_name":"CG019_F_L_png.rf.590370af2e3c69eebfefb63899653a5e.jpg","height":512,"width":512,"date_captured":"2024-10-21T11:09:03+00:00"},{"id":91,"license":1,"file_name":"DM028_M_L_png.rf.63dedd6c4a089eebbb3a678b6950c121.jpg","height":512,"width":512,"date_captured":"2024-10-21T11:09:03+00:00"},{"id":92,"license":1,"file_name":"DM095_F_L_png.rf.4ca51bea3c78e737d1f104b96954fd77.jpg","height":512,"width":512,"date_captured":"2024-10-21T11:09:03+00:00"},{"id":93,"license":1,"file_name":"DM025_M_L_png.rf.65221d0554b22c6c1ab1c110959c8064.jpg","height":512,"width":512,"date_captured":"2024-10-21T11:09:03+00:00"},{"id":94,"license":1,"file_name":"CG012_F_R_png.rf.64fb40366ed599a390fb23c368279caa.jpg","height":512,"width":512,"date_captured":"2024-10-21T11:09:03+00:00"},{"id":95,"license":1,"file_name":"DM091_M_L_png.rf.5048596b58e6ee04e9796d5249726b58.jpg","height":512,"width":512,"date_captured":"2024-10-21T11:09:03+00:00"},{"id":96,"license":1,"file_name":"DM026_M_L_png.rf.4d49e887ebcaf790229027b3b473a71b.jpg","height":512,"width":512,"date_captured":"2024-10-21T11:09:03+00:00"},{"id":97,"license":1,"file_name":"DM021_F_R_png.rf.4c754a87550e48277bb6187017832d2a.jpg","height":512,"width":512,"date_captured":"2024-10-21T11:09:03+00:00"},{"id":98,"license":1,"file_name":"DM114_F_L_png.rf.66dbb35e2222566eb7a55e12f453ac4b.jpg","height":512,"width":512,"date_captured":"2024-10-21T11:09:03+00:00"},{"id":99,"license":1,"file_name":"DM122_F_L_png.rf.660f6622682128315c718d5d669b911e.jpg","height":512,"width":512,"date_captured":"2024-10-21T11:09:03+00:00"},{"id":100,"license":1,"file_name":"DM091_M_R_png.rf.5175755c65dd5bc8aca595de777266e8.jpg","height":512,"width":512,"date_captured":"2024-10-21T11:09:03+00:00"},{"id":101,"license":1,"file_name":"DM089_F_R_png.rf.64b81eadfe6274b062bdfdb165aa6e5c.jpg","height":512,"width":512,"date_captured":"2024-10-21T11:09:03+00:00"},{"id":102,"license":1,"file_name":"DM070_F_R_png.rf.6d9e0b668e73626c4b4a65da569eb71a.jpg","height":512,"width":512,"date_captured":"2024-10-21T11:09:03+00:00"},{"id":103,"license":1,"file_name":"DM081_F_R_png.rf.6ae72117c1b0179450e78f6cd3e6d092.jpg","height":512,"width":512,"date_captured":"2024-10-21T11:09:03+00:00"},{"id":104,"license":1,"file_name":"CG043_M_R_png.rf.6dfff70c27973736a206942862ce4993.jpg","height":512,"width":512,"date_captured":"2024-10-21T11:09:03+00:00"},{"id":105,"license":1,"file_name":"DM044_F_R_png.rf.6ec3162930f6ae59cbeb4ba852ae226d.jpg","height":512,"width":512,"date_captured":"2024-10-21T11:09:03+00:00"},{"id":106,"license":1,"file_name":"CG010_M_R_png.rf.732210e18d0d427e0402704dc7c01829.jpg","height":512,"width":512,"date_captured":"2024-10-21T11:09:03+00:00"},{"id":107,"license":1,"file_name":"CG026_M_L_png.rf.6e36b2888ba62b808409ae7c8e9d27a2.jpg","height":512,"width":512,"date_captured":"2024-10-21T11:09:03+00:00"},{"id":108,"license":1,"file_name":"DM031_F_R_png.rf.5c4ad387f02d68f3da3cb21636664e75.jpg","height":512,"width":512,"date_captured":"2024-10-21T11:09:03+00:00"},{"id":109,"license":1,"file_name":"DM120_F_L_png.rf.782ef89977e9b12dd701c482bf745b03.jpg","height":512,"width":512,"date_captured":"2024-10-21T11:09:03+00:00"},{"id":110,"license":1,"file_name":"DM102_F_R_png.rf.676207f01ad18bae0d70d34bd38ddcca.jpg","height":512,"width":512,"date_captured":"2024-10-21T11:09:03+00:00"},{"id":111,"license":1,"file_name":"DM013_F_L_png.rf.7ca3db1564c621fb3eaf87055c6ee3ef.jpg","height":512,"width":512,"date_captured":"2024-10-21T11:09:03+00:00"},{"id":112,"license":1,"file_name":"DM033_M_L_png.rf.69bcc13f9e8ecbe7ae09bc601af55252.jpg","height":512,"width":512,"date_captured":"2024-10-21T11:09:03+00:00"},{"id":113,"license":1,"file_name":"DM037_F_L_png.rf.7c5904cb5dfffcf0fab4da8389f5af92.jpg","height":512,"width":512,"date_captured":"2024-10-21T11:09:03+00:00"},{"id":114,"license":1,"file_name":"DM009_F_L_png.rf.7a1aa05e8532232898955015cb15c25d.jpg","height":512,"width":512,"date_captured":"2024-10-21T11:09:03+00:00"},{"id":115,"license":1,"file_name":"DM050_F_R_png.rf.76ea0f97a109c34df77abbdefb80d24b.jpg","height":512,"width":512,"date_captured":"2024-10-21T11:09:03+00:00"},{"id":116,"license":1,"file_name":"DM084_F_R_png.rf.71f1d968bd62a73f3ad9e5527c093beb.jpg","height":512,"width":512,"date_captured":"2024-10-21T11:09:03+00:00"},{"id":117,"license":1,"file_name":"DM010_M_R_png.rf.7a7c83638e6c06b6596cd4b088d67f7b.jpg","height":512,"width":512,"date_captured":"2024-10-21T11:09:03+00:00"},{"id":118,"license":1,"file_name":"DM018_M_R_png.rf.71186e9c94096128df045cd0585872e4.jpg","height":512,"width":512,"date_captured":"2024-10-21T11:09:03+00:00"},{"id":119,"license":1,"file_name":"CG035_M_L_png.rf.877087b3968025a27c0590020d956654.jpg","height":512,"width":512,"date_captured":"2024-10-21T11:09:03+00:00"},{"id":120,"license":1,"file_name":"DM062_M_R_png.rf.73e9886c47a2b909db4f3b0823c0da56.jpg","height":512,"width":512,"date_captured":"2024-10-21T11:09:03+00:00"},{"id":121,"license":1,"file_name":"DM001_M_L_png.rf.83051121c50221a870422689affdd4e2.jpg","height":512,"width":512,"date_captured":"2024-10-21T11:09:03+00:00"},{"id":122,"license":1,"file_name":"CG003_M_R_png.rf.6e26c1c3f1f119e33a66625f3778c031.jpg","height":512,"width":512,"date_captured":"2024-10-21T11:09:03+00:00"},{"id":123,"license":1,"file_name":"DM036_M_L_png.rf.7c952648f62cc50399a473d2584a187e.jpg","height":512,"width":512,"date_captured":"2024-10-21T11:09:03+00:00"},{"id":124,"license":1,"file_name":"DM056_F_R_png.rf.66eae4532ed35ff868306e2fe9bb7277.jpg","height":512,"width":512,"date_captured":"2024-10-21T11:09:03+00:00"},{"id":125,"license":1,"file_name":"DM087_F_L_png.rf.6edd3cc675b66f15487b6764f6aaaeac.jpg","height":512,"width":512,"date_captured":"2024-10-21T11:09:03+00:00"},{"id":126,"license":1,"file_name":"DM105_F_R_png.rf.89ac0f7fea6edf85845aa49e39fca964.jpg","height":512,"width":512,"date_captured":"2024-10-21T11:09:03+00:00"},{"id":127,"license":1,"file_name":"DM105_F_L_png.rf.70a0ec191a54c8c916b6f738a75f325d.jpg","height":512,"width":512,"date_captured":"2024-10-21T11:09:03+00:00"},{"id":128,"license":1,"file_name":"CG030_M_R_png.rf.793f8d18cf53a3304b3a9ade27cb06ed.jpg","height":512,"width":512,"date_captured":"2024-10-21T11:09:03+00:00"},{"id":129,"license":1,"file_name":"DM046_M_R_png.rf.885ebc6ce2bc827f8f840377bebb3e92.jpg","height":512,"width":512,"date_captured":"2024-10-21T11:09:03+00:00"},{"id":130,"license":1,"file_name":"DM039_M_L_png.rf.7415c07601e28b2d1061e1c4c1c290c4.jpg","height":512,"width":512,"date_captured":"2024-10-21T11:09:03+00:00"},{"id":131,"license":1,"file_name":"DM006_F_R_png.rf.883151e0fd93917ee7ef7ccba160d41a.jpg","height":512,"width":512,"date_captured":"2024-10-21T11:09:03+00:00"},{"id":132,"license":1,"file_name":"DM119_F_R_png.rf.87ad82c6297b782094fe7374d9b0b491.jpg","height":512,"width":512,"date_captured":"2024-10-21T11:09:03+00:00"},{"id":133,"license":1,"file_name":"DM113_F_R_png.rf.8583710d8d6225b20a02b90ac7e4e35f.jpg","height":512,"width":512,"date_captured":"2024-10-21T11:09:03+00:00"},{"id":134,"license":1,"file_name":"DM045_F_L_png.rf.8de9ae627f24cdb9994c1de2e3302650.jpg","height":512,"width":512,"date_captured":"2024-10-21T11:09:03+00:00"},{"id":135,"license":1,"file_name":"CG030_M_L_png.rf.8db2e8d747a754d5bb0c71e504a227e3.jpg","height":512,"width":512,"date_captured":"2024-10-21T11:09:03+00:00"},{"id":136,"license":1,"file_name":"DM067_F_R_png.rf.826fd8f76b2675289c66fb81112271e3.jpg","height":512,"width":512,"date_captured":"2024-10-21T11:09:03+00:00"},{"id":137,"license":1,"file_name":"CG001_M_R_png.rf.89127207346f1473b713f79992810df7.jpg","height":512,"width":512,"date_captured":"2024-10-21T11:09:03+00:00"},{"id":138,"license":1,"file_name":"DM073_F_L_png.rf.904ca76a82f291bff4a07ea26a7944f2.jpg","height":512,"width":512,"date_captured":"2024-10-21T11:09:03+00:00"},{"id":139,"license":1,"file_name":"CG036_M_R_png.rf.902bb490a884b02fdb137af2d333cf59.jpg","height":512,"width":512,"date_captured":"2024-10-21T11:09:03+00:00"},{"id":140,"license":1,"file_name":"DM038_F_L_png.rf.8d9f39d1ba326c3dcf1253d6ad40cce0.jpg","height":512,"width":512,"date_captured":"2024-10-21T11:09:03+00:00"},{"id":141,"license":1,"file_name":"DM030_F_R_png.rf.94ba9a6d13033ade0dadaa30c0109621.jpg","height":512,"width":512,"date_captured":"2024-10-21T11:09:03+00:00"},{"id":142,"license":1,"file_name":"DM001_M_R_png.rf.96e1b5eadece6661968f2e44b72a9363.jpg","height":512,"width":512,"date_captured":"2024-10-21T11:09:03+00:00"},{"id":143,"license":1,"file_name":"DM018_M_L_png.rf.99ef58585973f9e8775ccc9a962ea909.jpg","height":512,"width":512,"date_captured":"2024-10-21T11:09:03+00:00"},{"id":144,"license":1,"file_name":"CG011_F_L_png.rf.93aa54470a2dfb878199635b77e8cd50.jpg","height":512,"width":512,"date_captured":"2024-10-21T11:09:03+00:00"},{"id":145,"license":1,"file_name":"DM078_F_R_png.rf.8f555493eabc87de1dd938c7888dab62.jpg","height":512,"width":512,"date_captured":"2024-10-21T11:09:03+00:00"},{"id":146,"license":1,"file_name":"CG039_M_R_png.rf.9a94d41c1c1e836a9488903d7a3d4dc9.jpg","height":512,"width":512,"date_captured":"2024-10-21T11:09:03+00:00"},{"id":147,"license":1,"file_name":"DM002_M_R_png.rf.978a89aa13225e7e27e7c2f5cc9e55dd.jpg","height":512,"width":512,"date_captured":"2024-10-21T11:09:03+00:00"},{"id":148,"license":1,"file_name":"DM032_M_R_png.rf.9fc48cea5dba88794ad23507bcf6235f.jpg","height":512,"width":512,"date_captured":"2024-10-21T11:09:03+00:00"},{"id":149,"license":1,"file_name":"CG014_M_L_png.rf.9980a9310c0693ade07cfbc9a60b4c16.jpg","height":512,"width":512,"date_captured":"2024-10-21T11:09:03+00:00"},{"id":150,"license":1,"file_name":"DM100_F_L_png.rf.9b3d49c310e9da4519da0dd197aa8d73.jpg","height":512,"width":512,"date_captured":"2024-10-21T11:09:03+00:00"},{"id":151,"license":1,"file_name":"DM079_M_R_png.rf.9a2a9670ab52384f30fa410ce0f8f2b7.jpg","height":512,"width":512,"date_captured":"2024-10-21T11:09:03+00:00"},{"id":152,"license":1,"file_name":"DM102_F_L_png.rf.910f406ea4b5aaf434d0ef3c9b5188cd.jpg","height":512,"width":512,"date_captured":"2024-10-21T11:09:03+00:00"},{"id":153,"license":1,"file_name":"DM100_F_R_png.rf.984d58b0152e3364ce79a713dbe4e040.jpg","height":512,"width":512,"date_captured":"2024-10-21T11:09:03+00:00"},{"id":154,"license":1,"file_name":"CG024_F_L_png.rf.9e3813d69a22f4766cf2ffa7a943a352.jpg","height":512,"width":512,"date_captured":"2024-10-21T11:09:03+00:00"},{"id":155,"license":1,"file_name":"DM112_M_R_png.rf.9a45e2c49964a4148707e4e631e1aa68.jpg","height":512,"width":512,"date_captured":"2024-10-21T11:09:03+00:00"},{"id":156,"license":1,"file_name":"CG005_F_L_png.rf.a666596da0d5fdf6a2a2da8b94706ba8.jpg","height":512,"width":512,"date_captured":"2024-10-21T11:09:03+00:00"},{"id":157,"license":1,"file_name":"DM017_F_R_png.rf.9cd801206336b323002648702e612b18.jpg","height":512,"width":512,"date_captured":"2024-10-21T11:09:03+00:00"},{"id":158,"license":1,"file_name":"DM026_M_R_png.rf.9c5b11a7e4a2b5555dde79c5ea2ffe97.jpg","height":512,"width":512,"date_captured":"2024-10-21T11:09:03+00:00"},{"id":159,"license":1,"file_name":"DM064_M_R_png.rf.a3f24236ed6a0b1fba4a26fa7a9d5224.jpg","height":512,"width":512,"date_captured":"2024-10-21T11:09:03+00:00"},{"id":160,"license":1,"file_name":"DM116_F_R_png.rf.ad5c703b59f03ca1c1d74c4d9878e967.jpg","height":512,"width":512,"date_captured":"2024-10-21T11:09:03+00:00"},{"id":161,"license":1,"file_name":"CG028_M_L_png.rf.a745d9bf56f5b16276e62b65e3cdb40f.jpg","height":512,"width":512,"date_captured":"2024-10-21T11:09:03+00:00"},{"id":162,"license":1,"file_name":"DM059_F_R_png.rf.ab11fc7e30c8ea12909e84c35b8fa56a.jpg","height":512,"width":512,"date_captured":"2024-10-21T11:09:03+00:00"},{"id":163,"license":1,"file_name":"CG037_M_R_png.rf.a8d3255da24ff14f76047504f790cd1b.jpg","height":512,"width":512,"date_captured":"2024-10-21T11:09:03+00:00"},{"id":164,"license":1,"file_name":"DM005_M_R_png.rf.a7da375de6e5c4fa5823e9c7db956411.jpg","height":512,"width":512,"date_captured":"2024-10-21T11:09:03+00:00"},{"id":165,"license":1,"file_name":"DM098_M_R_png.rf.9da4d53417c2f621a7c4f747f4630c35.jpg","height":512,"width":512,"date_captured":"2024-10-21T11:09:03+00:00"},{"id":166,"license":1,"file_name":"DM061_F_L_png.rf.a56caaf0f600d1c503364f7b1e6c50c3.jpg","height":512,"width":512,"date_captured":"2024-10-21T11:09:03+00:00"},{"id":167,"license":1,"file_name":"DM086_F_L_png.rf.95acc01ce6377107c0b5043712a673e4.jpg","height":512,"width":512,"date_captured":"2024-10-21T11:09:03+00:00"},{"id":168,"license":1,"file_name":"CG031_M_L_png.rf.b22015800e68de5077975548da0884d8.jpg","height":512,"width":512,"date_captured":"2024-10-21T11:09:03+00:00"},{"id":169,"license":1,"file_name":"CG029_F_R_png.rf.9cd90519ff15158971b34a7749b1e2dd.jpg","height":512,"width":512,"date_captured":"2024-10-21T11:09:03+00:00"},{"id":170,"license":1,"file_name":"DM066_F_R_png.rf.b6d71c92037491df049f33549ef00bb5.jpg","height":512,"width":512,"date_captured":"2024-10-21T11:09:03+00:00"},{"id":171,"license":1,"file_name":"CG008_F_R_png.rf.b53a74e686b2f1bcd40e1318cf713bb0.jpg","height":512,"width":512,"date_captured":"2024-10-21T11:09:03+00:00"},{"id":172,"license":1,"file_name":"CG026_M_R_png.rf.b811380a17363e6d031825d6154b0096.jpg","height":512,"width":512,"date_captured":"2024-10-21T11:09:03+00:00"},{"id":173,"license":1,"file_name":"DM014_F_R_png.rf.ae3088fe6f9859be906c6d87d2aff9cc.jpg","height":512,"width":512,"date_captured":"2024-10-21T11:09:03+00:00"},{"id":174,"license":1,"file_name":"DM099_F_R_png.rf.adce65359e1a0b5ddcdf7d0f0d105bfd.jpg","height":512,"width":512,"date_captured":"2024-10-21T11:09:03+00:00"},{"id":175,"license":1,"file_name":"DM077_F_L_png.rf.b630b9d5e8c4b57d98a75922d7ce4aa4.jpg","height":512,"width":512,"date_captured":"2024-10-21T11:09:03+00:00"},{"id":176,"license":1,"file_name":"DM007_F_L_png.rf.b2cf51fd80459ae4023519237228d1cc.jpg","height":512,"width":512,"date_captured":"2024-10-21T11:09:03+00:00"},{"id":177,"license":1,"file_name":"DM083_M_L_png.rf.c12f9af99c699d156b5a3860655af646.jpg","height":512,"width":512,"date_captured":"2024-10-21T11:09:03+00:00"},{"id":178,"license":1,"file_name":"CG010_M_L_png.rf.b51a08feb0b5406d02742f0c6d1e50be.jpg","height":512,"width":512,"date_captured":"2024-10-21T11:09:03+00:00"},{"id":179,"license":1,"file_name":"CG034_M_R_png.rf.c72bf202feabe68257fefbf956b69eab.jpg","height":512,"width":512,"date_captured":"2024-10-21T11:09:03+00:00"},{"id":180,"license":1,"file_name":"DM009_F_R_png.rf.b9919f194656bbd1f85612d8ec8caa17.jpg","height":512,"width":512,"date_captured":"2024-10-21T11:09:03+00:00"},{"id":181,"license":1,"file_name":"DM118_M_R_png.rf.b7d7ca3180086f5a105aa6d7da1ed101.jpg","height":512,"width":512,"date_captured":"2024-10-21T11:09:03+00:00"},{"id":182,"license":1,"file_name":"DM066_F_L_png.rf.9c216dd66b5380133bb6a0752d2359d4.jpg","height":512,"width":512,"date_captured":"2024-10-21T11:09:03+00:00"},{"id":183,"license":1,"file_name":"DM041_M_L_png.rf.d16d01e03db06eba48d444757c26e117.jpg","height":512,"width":512,"date_captured":"2024-10-21T11:09:03+00:00"},{"id":184,"license":1,"file_name":"DM067_F_L_png.rf.c3f1b399fbee3e01ae47d13a0bc6c633.jpg","height":512,"width":512,"date_captured":"2024-10-21T11:09:03+00:00"},{"id":185,"license":1,"file_name":"DM118_M_L_png.rf.d56fa8cf39aeef6e75261b67f1f5d441.jpg","height":512,"width":512,"date_captured":"2024-10-21T11:09:03+00:00"},{"id":186,"license":1,"file_name":"DM111_F_R_png.rf.cefc2403a552c1aaf4dc88c464031645.jpg","height":512,"width":512,"date_captured":"2024-10-21T11:09:03+00:00"},{"id":187,"license":1,"file_name":"DM035_F_R_png.rf.c69c89cb059b968cc5c09fb720a05295.jpg","height":512,"width":512,"date_captured":"2024-10-21T11:09:03+00:00"},{"id":188,"license":1,"file_name":"DM015_M_L_png.rf.d3dc18eb4eb96e2c4f16c79a9f4e05bb.jpg","height":512,"width":512,"date_captured":"2024-10-21T11:09:03+00:00"},{"id":189,"license":1,"file_name":"DM074_F_R_png.rf.dc462bb142fafebcabeccfc2ebb667a3.jpg","height":512,"width":512,"date_captured":"2024-10-21T11:09:03+00:00"},{"id":190,"license":1,"file_name":"DM058_F_R_png.rf.be0f3b2a25c92d9926a054017d84f596.jpg","height":512,"width":512,"date_captured":"2024-10-21T11:09:03+00:00"},{"id":191,"license":1,"file_name":"DM012_F_L_png.rf.db1834b01f6af94dc1bd57c57102db63.jpg","height":512,"width":512,"date_captured":"2024-10-21T11:09:03+00:00"},{"id":192,"license":1,"file_name":"DM023_F_R_png.rf.c3330424bcada47ebcc687d656e4c3a5.jpg","height":512,"width":512,"date_captured":"2024-10-21T11:09:03+00:00"},{"id":193,"license":1,"file_name":"CG028_M_R_png.rf.d3d987191ff154d2272afc2d139f3622.jpg","height":512,"width":512,"date_captured":"2024-10-21T11:09:03+00:00"},{"id":194,"license":1,"file_name":"DM076_M_L_png.rf.db3b46aa78719cdc1afa5f7178de6c02.jpg","height":512,"width":512,"date_captured":"2024-10-21T11:09:03+00:00"},{"id":195,"license":1,"file_name":"DM115_F_L_png.rf.c11e35db0352c162588013e03413010c.jpg","height":512,"width":512,"date_captured":"2024-10-21T11:09:03+00:00"},{"id":196,"license":1,"file_name":"DM008_M_R_png.rf.d87c40e5f0be9de22ea05c4deef8a94b.jpg","height":512,"width":512,"date_captured":"2024-10-21T11:09:03+00:00"},{"id":197,"license":1,"file_name":"DM022_F_L_png.rf.d718ceb54dae315403d85ca154267a0f.jpg","height":512,"width":512,"date_captured":"2024-10-21T11:09:03+00:00"},{"id":198,"license":1,"file_name":"DM029_F_L_png.rf.b852bd144bcb906dd800ec76ac0cc0c8.jpg","height":512,"width":512,"date_captured":"2024-10-21T11:09:03+00:00"},{"id":199,"license":1,"file_name":"DM048_F_R_png.rf.d057b4e1f19d9ff4764f904281aef26d.jpg","height":512,"width":512,"date_captured":"2024-10-21T11:09:03+00:00"},{"id":200,"license":1,"file_name":"CG021_M_R_png.rf.e24331347d50920c63c7a4579ee52ee0.jpg","height":512,"width":512,"date_captured":"2024-10-21T11:09:03+00:00"},{"id":201,"license":1,"file_name":"DM096_M_R_png.rf.ea1b27abfad8850adf6a9023276d26ec.jpg","height":512,"width":512,"date_captured":"2024-10-21T11:09:03+00:00"},{"id":202,"license":1,"file_name":"DM115_F_R_png.rf.e53bee3008ba0e7f2161c5abec07e9f3.jpg","height":512,"width":512,"date_captured":"2024-10-21T11:09:03+00:00"},{"id":203,"license":1,"file_name":"DM006_F_L_png.rf.e179be61d6f9166c0488679270104392.jpg","height":512,"width":512,"date_captured":"2024-10-21T11:09:03+00:00"},{"id":204,"license":1,"file_name":"CG022_M_L_png.rf.e399c3e3ce391fb212031a4dc661fc2a.jpg","height":512,"width":512,"date_captured":"2024-10-21T11:09:03+00:00"},{"id":205,"license":1,"file_name":"DM047_F_L_png.rf.b9b3de8b41d2100a898853b4fc30a453.jpg","height":512,"width":512,"date_captured":"2024-10-21T11:09:03+00:00"},{"id":206,"license":1,"file_name":"DM079_M_L_png.rf.e5f663f372189f93731130246ad955d1.jpg","height":512,"width":512,"date_captured":"2024-10-21T11:09:03+00:00"},{"id":207,"license":1,"file_name":"DM111_F_L_png.rf.e120ee0b8e88bf8660855093a0c8c630.jpg","height":512,"width":512,"date_captured":"2024-10-21T11:09:03+00:00"},{"id":208,"license":1,"file_name":"DM023_F_L_png.rf.e7bcd5d727b157f71f9a099e3a0c4511.jpg","height":512,"width":512,"date_captured":"2024-10-21T11:09:03+00:00"},{"id":209,"license":1,"file_name":"DM063_F_R_png.rf.d8d2d96bfce7cfa97612ff090a22abb0.jpg","height":512,"width":512,"date_captured":"2024-10-21T11:09:03+00:00"},{"id":210,"license":1,"file_name":"DM069_F_L_png.rf.e95e85e18941642a7f190a5c2fc5035f.jpg","height":512,"width":512,"date_captured":"2024-10-21T11:09:03+00:00"},{"id":211,"license":1,"file_name":"DM059_F_L_png.rf.ec009d7c8c8dbd14e36f98bbef30d031.jpg","height":512,"width":512,"date_captured":"2024-10-21T11:09:03+00:00"},{"id":212,"license":1,"file_name":"DM051_F_L_png.rf.ec1b691d48585202f9cb9b4e80f69651.jpg","height":512,"width":512,"date_captured":"2024-10-21T11:09:03+00:00"},{"id":213,"license":1,"file_name":"CG009_M_R_png.rf.e78f57601c92af276b31ba27e8fa798d.jpg","height":512,"width":512,"date_captured":"2024-10-21T11:09:03+00:00"},{"id":214,"license":1,"file_name":"DM069_F_R_png.rf.eea9c5b9539860f001d87f58826622d0.jpg","height":512,"width":512,"date_captured":"2024-10-21T11:09:03+00:00"},{"id":215,"license":1,"file_name":"DM104_F_R_png.rf.e61348bf575a7838809be67556191b66.jpg","height":512,"width":512,"date_captured":"2024-10-21T11:09:03+00:00"},{"id":216,"license":1,"file_name":"CG040_M_L_png.rf.ec2ccef1e9e209699c2b07ec04232088.jpg","height":512,"width":512,"date_captured":"2024-10-21T11:09:03+00:00"},{"id":217,"license":1,"file_name":"CG027_M_L_png.rf.ecbefb244338b37ba95b6edc1a608af3.jpg","height":512,"width":512,"date_captured":"2024-10-21T11:09:03+00:00"},{"id":218,"license":1,"file_name":"CG027_M_R_png.rf.f0b7cabedf83123e9af146751dec74c7.jpg","height":512,"width":512,"date_captured":"2024-10-21T11:09:03+00:00"},{"id":219,"license":1,"file_name":"CG044_F_R_png.rf.fabd3cf25685a05a3e7771dcf69fb041.jpg","height":512,"width":512,"date_captured":"2024-10-21T11:09:03+00:00"},{"id":220,"license":1,"file_name":"CG006_F_R_png.rf.fe8b75decf99e8e26697fa2e844a3b09.jpg","height":512,"width":512,"date_captured":"2024-10-21T11:09:03+00:00"},{"id":221,"license":1,"file_name":"DM019_F_L_png.rf.f35cf712f592f452f33c6a3788228362.jpg","height":512,"width":512,"date_captured":"2024-10-21T11:09:03+00:00"},{"id":222,"license":1,"file_name":"DM035_F_L_png.rf.ec48c731b9b6c6933a3c4b867718d483.jpg","height":512,"width":512,"date_captured":"2024-10-21T11:09:03+00:00"},{"id":223,"license":1,"file_name":"DM099_F_L_png.rf.fa8aa047d82456b6c67bd98231bdca54.jpg","height":512,"width":512,"date_captured":"2024-10-21T11:09:03+00:00"},{"id":224,"license":1,"file_name":"DM050_F_L_png.rf.efe794d6df4d378ccf3a12bd8102c08c.jpg","height":512,"width":512,"date_captured":"2024-10-21T11:09:03+00:00"},{"id":225,"license":1,"file_name":"DM042_F_R_png.rf.ed81f626e6e15a7f662c76302a04b2ce.jpg","height":512,"width":512,"date_captured":"2024-10-21T11:09:03+00:00"},{"id":226,"license":1,"file_name":"CG017_F_R_png.rf.f04adf934faeff1f4ff6dc31d098d049.jpg","height":512,"width":512,"date_captured":"2024-10-21T11:09:03+00:00"},{"id":227,"license":1,"file_name":"DM080_F_R_png.rf.ffef50ab638f9f0928697cff8b153c0e.jpg","height":512,"width":512,"date_captured":"2024-10-21T11:09:03+00:00"},{"id":228,"license":1,"file_name":"CG042_F_R_png.rf.fbd4e3d4a900f4705fca00bb6d2b6e93.jpg","height":512,"width":512,"date_captured":"2024-10-21T11:09:03+00:00"},{"id":229,"license":1,"file_name":"CG040_M_R_png.rf.ff41eadf5a0ba9e7b9c90b65c6c29ec2.jpg","height":512,"width":512,"date_captured":"2024-10-21T11:09:03+00:00"},{"id":230,"license":1,"file_name":"CG045_M_R_png.rf.fecc8f45d4c0003fafe4af3b858c189f.jpg","height":512,"width":512,"date_captured":"2024-10-21T11:09:03+00:00"},{"id":231,"license":1,"file_name":"CG018_M_R_png.rf.f0b37a7dccba7006da1ec711269993ee.jpg","height":512,"width":512,"date_captured":"2024-10-21T11:09:03+00:00"},{"id":232,"license":1,"file_name":"DM048_F_L_png.rf.ee1bd3203b4ccf96ca63360d748e6009.jpg","height":512,"width":512,"date_captured":"2024-10-21T11:09:03+00:00"},{"id":233,"license":1,"file_name":"DM087_F_R_png.rf.f94a27b9191c95c9475a4cbfd6b7a6e0.jpg","height":512,"width":512,"date_captured":"2024-10-21T11:09:03+00:00"}],"annotations":[{"id":0,"image_id":0,"category_id":6,"bbox":[130,0,253,512],"area":129536,"segmentation":[],"iscrowd":0},{"id":1,"image_id":1,"category_id":5,"bbox":[144,0,225,512],"area":115200,"segmentation":[],"iscrowd":0},{"id":2,"image_id":2,"category_id":5,"bbox":[154,0,205,512],"area":104960,"segmentation":[],"iscrowd":0},{"id":3,"image_id":3,"category_id":5,"bbox":[139,0,234,512],"area":119808,"segmentation":[],"iscrowd":0},{"id":4,"image_id":4,"category_id":3,"bbox":[145,0,222,512],"area":113664,"segmentation":[],"iscrowd":0},{"id":5,"image_id":5,"category_id":5,"bbox":[146,0,220,512],"area":112640,"segmentation":[],"iscrowd":0},{"id":6,"image_id":6,"category_id":5,"bbox":[137,0,238,512],"area":121856,"segmentation":[],"iscrowd":0},{"id":7,"image_id":7,"category_id":6,"bbox":[133,0,247,512],"area":126464,"segmentation":[],"iscrowd":0},{"id":8,"image_id":8,"category_id":2,"bbox":[133,0,247,512],"area":126464,"segmentation":[],"iscrowd":0},{"id":9,"image_id":9,"category_id":2,"bbox":[149,0,214,512],"area":109568,"segmentation":[],"iscrowd":0},{"id":10,"image_id":10,"category_id":2,"bbox":[160,0,192,512],"area":98304,"segmentation":[],"iscrowd":0},{"id":11,"image_id":11,"category_id":6,"bbox":[158,0,197,512],"area":100864,"segmentation":[],"iscrowd":0},{"id":12,"image_id":12,"category_id":2,"bbox":[144,0,224,512],"area":114688,"segmentation":[],"iscrowd":0},{"id":13,"image_id":13,"category_id":4,"bbox":[116,0,280,512],"area":143360,"segmentation":[],"iscrowd":0},{"id":14,"image_id":14,"category_id":1,"bbox":[145,0,223,512],"area":114176,"segmentation":[],"iscrowd":0},{"id":15,"image_id":15,"category_id":5,"bbox":[134,0,245,512],"area":125440,"segmentation":[],"iscrowd":0},{"id":16,"image_id":16,"category_id":1,"bbox":[145,0,222,512],"area":113664,"segmentation":[],"iscrowd":0},{"id":17,"image_id":17,"category_id":1,"bbox":[146,0,220,512],"area":112640,"segmentation":[],"iscrowd":0},{"id":18,"image_id":18,"category_id":5,"bbox":[155,0,202,512],"area":103424,"segmentation":[],"iscrowd":0},{"id":19,"image_id":19,"category_id":6,"bbox":[157,0,199,512],"area":101888,"segmentation":[],"iscrowd":0},{"id":20,"image_id":20,"category_id":6,"bbox":[138,0,236,512],"area":120832,"segmentation":[],"iscrowd":0},{"id":21,"image_id":21,"category_id":5,"bbox":[119,0,275,512],"area":140800,"segmentation":[],"iscrowd":0},{"id":22,"image_id":22,"category_id":5,"bbox":[154,0,205,512],"area":104960,"segmentation":[],"iscrowd":0},{"id":23,"image_id":23,"category_id":2,"bbox":[144,0,225,512],"area":115200,"segmentation":[],"iscrowd":0},{"id":24,"image_id":24,"category_id":3,"bbox":[131,0,251,512],"area":128512,"segmentation":[],"iscrowd":0},{"id":25,"image_id":25,"category_id":1,"bbox":[136,0,240,512],"area":122880,"segmentation":[],"iscrowd":0},{"id":26,"image_id":26,"category_id":5,"bbox":[161,0,191,512],"area":97792,"segmentation":[],"iscrowd":0},{"id":27,"image_id":27,"category_id":6,"bbox":[158,0,197,512],"area":100864,"segmentation":[],"iscrowd":0},{"id":28,"image_id":28,"category_id":1,"bbox":[145,0,223,512],"area":114176,"segmentation":[],"iscrowd":0},{"id":29,"image_id":29,"category_id":4,"bbox":[147,0,218,512],"area":111616,"segmentation":[],"iscrowd":0},{"id":30,"image_id":30,"category_id":2,"bbox":[143,0,227,512],"area":116224,"segmentation":[],"iscrowd":0},{"id":31,"image_id":31,"category_id":6,"bbox":[153,0,206,512],"area":105472,"segmentation":[],"iscrowd":0},{"id":32,"image_id":32,"category_id":1,"bbox":[149,0,214,512],"area":109568,"segmentation":[],"iscrowd":0},{"id":33,"image_id":33,"category_id":4,"bbox":[161,0,191,512],"area":97792,"segmentation":[],"iscrowd":0},{"id":34,"image_id":34,"category_id":5,"bbox":[140,0,233,512],"area":119296,"segmentation":[],"iscrowd":0},{"id":35,"image_id":35,"category_id":1,"bbox":[161,0,190,512],"area":97280,"segmentation":[],"iscrowd":0},{"id":36,"image_id":36,"category_id":5,"bbox":[157,0,199,512],"area":101888,"segmentation":[],"iscrowd":0},{"id":37,"image_id":37,"category_id":3,"bbox":[148,0,217,512],"area":111104,"segmentation":[],"iscrowd":0},{"id":38,"image_id":38,"category_id":6,"bbox":[138,0,237,512],"area":121344,"segmentation":[],"iscrowd":0},{"id":39,"image_id":39,"category_id":5,"bbox":[148,0,217,512],"area":111104,"segmentation":[],"iscrowd":0},{"id":40,"image_id":40,"category_id":3,"bbox":[150,0,212,512],"area":108544,"segmentation":[],"iscrowd":0},{"id":41,"image_id":41,"category_id":6,"bbox":[161,1,191,511],"area":97601,"segmentation":[],"iscrowd":0},{"id":42,"image_id":42,"category_id":6,"bbox":[153,0,206,512],"area":105472,"segmentation":[],"iscrowd":0},{"id":43,"image_id":43,"category_id":6,"bbox":[156,0,201,512],"area":102912,"segmentation":[],"iscrowd":0},{"id":44,"image_id":44,"category_id":1,"bbox":[155,0,203,512],"area":103936,"segmentation":[],"iscrowd":0},{"id":45,"image_id":45,"category_id":6,"bbox":[171,0,171,512],"area":87552,"segmentation":[],"iscrowd":0},{"id":46,"image_id":46,"category_id":4,"bbox":[149,0,214,512],"area":109568,"segmentation":[],"iscrowd":0},{"id":47,"image_id":47,"category_id":6,"bbox":[138,0,237,512],"area":121344,"segmentation":[],"iscrowd":0},{"id":48,"image_id":48,"category_id":5,"bbox":[141,0,231,512],"area":118272,"segmentation":[],"iscrowd":0},{"id":49,"image_id":49,"category_id":5,"bbox":[144,0,224,512],"area":114688,"segmentation":[],"iscrowd":0},{"id":50,"image_id":50,"category_id":4,"bbox":[135,0,243,512],"area":124416,"segmentation":[],"iscrowd":0},{"id":51,"image_id":51,"category_id":1,"bbox":[137,0,238,512],"area":121856,"segmentation":[],"iscrowd":0},{"id":52,"image_id":52,"category_id":5,"bbox":[98,0,317,512],"area":162304,"segmentation":[],"iscrowd":0},{"id":53,"image_id":53,"category_id":6,"bbox":[139,0,235,512],"area":120320,"segmentation":[],"iscrowd":0},{"id":54,"image_id":54,"category_id":3,"bbox":[149,0,214,512],"area":109568,"segmentation":[],"iscrowd":0},{"id":55,"image_id":55,"category_id":5,"bbox":[157,0,199,512],"area":101888,"segmentation":[],"iscrowd":0},{"id":56,"image_id":56,"category_id":6,"bbox":[147,0,219,512],"area":112128,"segmentation":[],"iscrowd":0},{"id":57,"image_id":57,"category_id":1,"bbox":[151,0,210,512],"area":107520,"segmentation":[],"iscrowd":0},{"id":58,"image_id":58,"category_id":6,"bbox":[162,0,188,512],"area":96256,"segmentation":[],"iscrowd":0},{"id":59,"image_id":59,"category_id":1,"bbox":[155,0,202,512],"area":103424,"segmentation":[],"iscrowd":0},{"id":60,"image_id":60,"category_id":6,"bbox":[126,0,260,512],"area":133120,"segmentation":[],"iscrowd":0},{"id":61,"image_id":61,"category_id":1,"bbox":[144,0,224,512],"area":114688,"segmentation":[],"iscrowd":0},{"id":62,"image_id":62,"category_id":6,"bbox":[148,0,216,512],"area":110592,"segmentation":[],"iscrowd":0},{"id":63,"image_id":63,"category_id":1,"bbox":[152,0,209,512],"area":107008,"segmentation":[],"iscrowd":0},{"id":64,"image_id":64,"category_id":5,"bbox":[119,0,274,512],"area":140288,"segmentation":[],"iscrowd":0},{"id":65,"image_id":65,"category_id":6,"bbox":[145,0,222,512],"area":113664,"segmentation":[],"iscrowd":0},{"id":66,"image_id":66,"category_id":2,"bbox":[140,0,233,512],"area":119296,"segmentation":[],"iscrowd":0},{"id":67,"image_id":67,"category_id":6,"bbox":[144,0,225,512],"area":115200,"segmentation":[],"iscrowd":0},{"id":68,"image_id":68,"category_id":4,"bbox":[135,0,243,512],"area":124416,"segmentation":[],"iscrowd":0},{"id":69,"image_id":69,"category_id":5,"bbox":[140,0,233,512],"area":119296,"segmentation":[],"iscrowd":0},{"id":70,"image_id":70,"category_id":1,"bbox":[116,0,281,512],"area":143872,"segmentation":[],"iscrowd":0},{"id":71,"image_id":71,"category_id":6,"bbox":[150,0,212,512],"area":108544,"segmentation":[],"iscrowd":0},{"id":72,"image_id":72,"category_id":1,"bbox":[130,0,252,512],"area":129024,"segmentation":[],"iscrowd":0},{"id":73,"image_id":73,"category_id":5,"bbox":[149,0,214,512],"area":109568,"segmentation":[],"iscrowd":0},{"id":74,"image_id":74,"category_id":6,"bbox":[159,0,194,512],"area":99328,"segmentation":[],"iscrowd":0},{"id":75,"image_id":75,"category_id":5,"bbox":[154,0,204,512],"area":104448,"segmentation":[],"iscrowd":0},{"id":76,"image_id":76,"category_id":4,"bbox":[129,0,254,512],"area":130048,"segmentation":[],"iscrowd":0},{"id":77,"image_id":77,"category_id":5,"bbox":[121,0,271,512],"area":138752,"segmentation":[],"iscrowd":0},{"id":78,"image_id":78,"category_id":5,"bbox":[144,0,224,512],"area":114688,"segmentation":[],"iscrowd":0},{"id":79,"image_id":79,"category_id":6,"bbox":[154,0,204,512],"area":104448,"segmentation":[],"iscrowd":0},{"id":80,"image_id":80,"category_id":6,"bbox":[152,0,208,512],"area":106496,"segmentation":[],"iscrowd":0},{"id":81,"image_id":81,"category_id":3,"bbox":[143,0,226,512],"area":115712,"segmentation":[],"iscrowd":0},{"id":82,"image_id":82,"category_id":2,"bbox":[132,0,248,512],"area":126976,"segmentation":[],"iscrowd":0},{"id":83,"image_id":83,"category_id":3,"bbox":[119,0,274,512],"area":140288,"segmentation":[],"iscrowd":0},{"id":84,"image_id":84,"category_id":1,"bbox":[148,0,216,512],"area":110592,"segmentation":[],"iscrowd":0},{"id":85,"image_id":85,"category_id":5,"bbox":[152,0,208,512],"area":106496,"segmentation":[],"iscrowd":0},{"id":86,"image_id":86,"category_id":5,"bbox":[129,0,254,512],"area":130048,"segmentation":[],"iscrowd":0},{"id":87,"image_id":87,"category_id":3,"bbox":[156,0,200,512],"area":102400,"segmentation":[],"iscrowd":0},{"id":88,"image_id":88,"category_id":6,"bbox":[149,0,214,512],"area":109568,"segmentation":[],"iscrowd":0},{"id":89,"image_id":89,"category_id":5,"bbox":[137,0,239,512],"area":122368,"segmentation":[],"iscrowd":0},{"id":90,"image_id":90,"category_id":6,"bbox":[148,0,217,512],"area":111104,"segmentation":[],"iscrowd":0},{"id":91,"image_id":91,"category_id":1,"bbox":[147,0,218,512],"area":111616,"segmentation":[],"iscrowd":0},{"id":92,"image_id":92,"category_id":1,"bbox":[154,0,204,512],"area":104448,"segmentation":[],"iscrowd":0},{"id":93,"image_id":93,"category_id":5,"bbox":[153,0,206,512],"area":105472,"segmentation":[],"iscrowd":0},{"id":94,"image_id":94,"category_id":6,"bbox":[138,0,237,512],"area":121344,"segmentation":[],"iscrowd":0},{"id":95,"image_id":95,"category_id":5,"bbox":[156,0,200,512],"area":102400,"segmentation":[],"iscrowd":0},{"id":96,"image_id":96,"category_id":5,"bbox":[157,0,198,512],"area":101376,"segmentation":[],"iscrowd":0},{"id":97,"image_id":97,"category_id":4,"bbox":[124,0,265,512],"area":135680,"segmentation":[],"iscrowd":0},{"id":98,"image_id":98,"category_id":3,"bbox":[124,0,265,512],"area":135680,"segmentation":[],"iscrowd":0},{"id":99,"image_id":99,"category_id":1,"bbox":[148,0,217,512],"area":111104,"segmentation":[],"iscrowd":0},{"id":100,"image_id":100,"category_id":5,"bbox":[157,0,199,512],"area":101888,"segmentation":[],"iscrowd":0},{"id":101,"image_id":101,"category_id":5,"bbox":[133,0,247,512],"area":126464,"segmentation":[],"iscrowd":0},{"id":102,"image_id":102,"category_id":3,"bbox":[157,0,199,512],"area":101888,"segmentation":[],"iscrowd":0},{"id":103,"image_id":103,"category_id":2,"bbox":[141,0,230,512],"area":117760,"segmentation":[],"iscrowd":0},{"id":104,"image_id":104,"category_id":6,"bbox":[146,0,221,512],"area":113152,"segmentation":[],"iscrowd":0},{"id":105,"image_id":105,"category_id":1,"bbox":[128,0,256,512],"area":131072,"segmentation":[],"iscrowd":0},{"id":106,"image_id":106,"category_id":6,"bbox":[162,0,189,512],"area":96768,"segmentation":[],"iscrowd":0},{"id":107,"image_id":107,"category_id":6,"bbox":[169,0,174,512],"area":89088,"segmentation":[],"iscrowd":0},{"id":108,"image_id":108,"category_id":4,"bbox":[134,0,244,512],"area":124928,"segmentation":[],"iscrowd":0},{"id":109,"image_id":109,"category_id":5,"bbox":[130,0,253,512],"area":129536,"segmentation":[],"iscrowd":0},{"id":110,"image_id":110,"category_id":2,"bbox":[157,0,198,512],"area":101376,"segmentation":[],"iscrowd":0},{"id":111,"image_id":111,"category_id":1,"bbox":[131,0,250,512],"area":128000,"segmentation":[],"iscrowd":0},{"id":112,"image_id":112,"category_id":2,"bbox":[149,0,215,512],"area":110080,"segmentation":[],"iscrowd":0},{"id":113,"image_id":113,"category_id":1,"bbox":[124,0,264,512],"area":135168,"segmentation":[],"iscrowd":0},{"id":114,"image_id":114,"category_id":4,"bbox":[125,0,263,512],"area":134656,"segmentation":[],"iscrowd":0},{"id":115,"image_id":115,"category_id":5,"bbox":[154,0,204,512],"area":104448,"segmentation":[],"iscrowd":0},{"id":116,"image_id":116,"category_id":3,"bbox":[129,0,254,512],"area":130048,"segmentation":[],"iscrowd":0},{"id":117,"image_id":117,"category_id":5,"bbox":[132,0,249,512],"area":127488,"segmentation":[],"iscrowd":0},{"id":118,"image_id":118,"category_id":3,"bbox":[125,0,263,512],"area":134656,"segmentation":[],"iscrowd":0},{"id":119,"image_id":119,"category_id":6,"bbox":[148,0,216,512],"area":110592,"segmentation":[],"iscrowd":0},{"id":120,"image_id":120,"category_id":2,"bbox":[164,0,184,512],"area":94208,"segmentation":[],"iscrowd":0},{"id":121,"image_id":121,"category_id":5,"bbox":[158,0,197,512],"area":100864,"segmentation":[],"iscrowd":0},{"id":122,"image_id":122,"category_id":6,"bbox":[166,1,181,511],"area":92491,"segmentation":[],"iscrowd":0},{"id":123,"image_id":123,"category_id":5,"bbox":[159,0,195,512],"area":99840,"segmentation":[],"iscrowd":0},{"id":124,"image_id":124,"category_id":2,"bbox":[141,0,231,512],"area":118272,"segmentation":[],"iscrowd":0},{"id":125,"image_id":125,"category_id":2,"bbox":[149,0,215,512],"area":110080,"segmentation":[],"iscrowd":0},{"id":126,"image_id":126,"category_id":1,"bbox":[148,0,217,512],"area":111104,"segmentation":[],"iscrowd":0},{"id":127,"image_id":127,"category_id":1,"bbox":[150,0,213,512],"area":109056,"segmentation":[],"iscrowd":0},{"id":128,"image_id":128,"category_id":6,"bbox":[139,0,235,512],"area":120320,"segmentation":[],"iscrowd":0},{"id":129,"image_id":129,"category_id":5,"bbox":[150,0,213,512],"area":109056,"segmentation":[],"iscrowd":0},{"id":130,"image_id":130,"category_id":4,"bbox":[145,0,223,512],"area":114176,"segmentation":[],"iscrowd":0},{"id":131,"image_id":131,"category_id":5,"bbox":[141,0,230,512],"area":117760,"segmentation":[],"iscrowd":0},{"id":132,"image_id":132,"category_id":5,"bbox":[153,0,206,512],"area":105472,"segmentation":[],"iscrowd":0},{"id":133,"image_id":133,"category_id":1,"bbox":[153,0,206,512],"area":105472,"segmentation":[],"iscrowd":0},{"id":134,"image_id":134,"category_id":3,"bbox":[155,0,202,512],"area":103424,"segmentation":[],"iscrowd":0},{"id":135,"image_id":135,"category_id":6,"bbox":[133,0,247,512],"area":126464,"segmentation":[],"iscrowd":0},{"id":136,"image_id":136,"category_id":2,"bbox":[144,0,225,512],"area":115200,"segmentation":[],"iscrowd":0},{"id":137,"image_id":137,"category_id":6,"bbox":[164,0,184,512],"area":94208,"segmentation":[],"iscrowd":0},{"id":138,"image_id":138,"category_id":3,"bbox":[131,0,250,512],"area":128000,"segmentation":[],"iscrowd":0},{"id":139,"image_id":139,"category_id":6,"bbox":[160,0,193,512],"area":98816,"segmentation":[],"iscrowd":0},{"id":140,"image_id":140,"category_id":4,"bbox":[141,0,230,512],"area":117760,"segmentation":[],"iscrowd":0},{"id":141,"image_id":141,"category_id":2,"bbox":[157,0,198,512],"area":101376,"segmentation":[],"iscrowd":0},{"id":142,"image_id":142,"category_id":5,"bbox":[160,0,193,512],"area":98816,"segmentation":[],"iscrowd":0},{"id":143,"image_id":143,"category_id":1,"bbox":[128,0,256,512],"area":131072,"segmentation":[],"iscrowd":0},{"id":144,"image_id":144,"category_id":6,"bbox":[148,0,217,512],"area":111104,"segmentation":[],"iscrowd":0},{"id":145,"image_id":145,"category_id":5,"bbox":[147,1,219,511],"area":111909,"segmentation":[],"iscrowd":0},{"id":146,"image_id":146,"category_id":6,"bbox":[163,0,187,512],"area":95744,"segmentation":[],"iscrowd":0},{"id":147,"image_id":147,"category_id":1,"bbox":[154,0,204,512],"area":104448,"segmentation":[],"iscrowd":0},{"id":148,"image_id":148,"category_id":5,"bbox":[163,0,186,512],"area":95232,"segmentation":[],"iscrowd":0},{"id":149,"image_id":149,"category_id":6,"bbox":[150,0,213,512],"area":109056,"segmentation":[],"iscrowd":0},{"id":150,"image_id":150,"category_id":4,"bbox":[151,0,211,512],"area":108032,"segmentation":[],"iscrowd":0},{"id":151,"image_id":151,"category_id":1,"bbox":[126,0,261,512],"area":133632,"segmentation":[],"iscrowd":0},{"id":152,"image_id":152,"category_id":2,"bbox":[149,0,214,512],"area":109568,"segmentation":[],"iscrowd":0},{"id":153,"image_id":153,"category_id":4,"bbox":[153,0,206,512],"area":105472,"segmentation":[],"iscrowd":0},{"id":154,"image_id":154,"category_id":6,"bbox":[121,0,271,512],"area":138752,"segmentation":[],"iscrowd":0},{"id":155,"image_id":155,"category_id":1,"bbox":[159,0,194,512],"area":99328,"segmentation":[],"iscrowd":0},{"id":156,"image_id":156,"category_id":6,"bbox":[144,0,224,512],"area":114688,"segmentation":[],"iscrowd":0},{"id":157,"image_id":157,"category_id":4,"bbox":[140,0,232,512],"area":118784,"segmentation":[],"iscrowd":0},{"id":158,"image_id":158,"category_id":5,"bbox":[160,0,193,512],"area":98816,"segmentation":[],"iscrowd":0},{"id":159,"image_id":159,"category_id":5,"bbox":[153,0,207,512],"area":105984,"segmentation":[],"iscrowd":0},{"id":160,"image_id":160,"category_id":5,"bbox":[163,0,187,512],"area":95744,"segmentation":[],"iscrowd":0},{"id":161,"image_id":161,"category_id":6,"bbox":[158,0,197,512],"area":100864,"segmentation":[],"iscrowd":0},{"id":162,"image_id":162,"category_id":5,"bbox":[148,0,216,512],"area":110592,"segmentation":[],"iscrowd":0},{"id":163,"image_id":163,"category_id":6,"bbox":[148,0,217,512],"area":111104,"segmentation":[],"iscrowd":0},{"id":164,"image_id":164,"category_id":1,"bbox":[157,0,199,512],"area":101888,"segmentation":[],"iscrowd":0},{"id":165,"image_id":165,"category_id":4,"bbox":[146,0,220,512],"area":112640,"segmentation":[],"iscrowd":0},{"id":166,"image_id":166,"category_id":1,"bbox":[150,0,213,512],"area":109056,"segmentation":[],"iscrowd":0},{"id":167,"image_id":167,"category_id":2,"bbox":[110,0,293,512],"area":150016,"segmentation":[],"iscrowd":0},{"id":168,"image_id":168,"category_id":6,"bbox":[144,0,225,512],"area":115200,"segmentation":[],"iscrowd":0},{"id":169,"image_id":169,"category_id":6,"bbox":[152,0,208,512],"area":106496,"segmentation":[],"iscrowd":0},{"id":170,"image_id":170,"category_id":1,"bbox":[152,0,209,512],"area":107008,"segmentation":[],"iscrowd":0},{"id":171,"image_id":171,"category_id":6,"bbox":[163,0,186,512],"area":95232,"segmentation":[],"iscrowd":0},{"id":172,"image_id":172,"category_id":6,"bbox":[159,0,195,512],"area":99840,"segmentation":[],"iscrowd":0},{"id":173,"image_id":173,"category_id":5,"bbox":[134,0,244,512],"area":124928,"segmentation":[],"iscrowd":0},{"id":174,"image_id":174,"category_id":2,"bbox":[152,0,208,512],"area":106496,"segmentation":[],"iscrowd":0},{"id":175,"image_id":175,"category_id":5,"bbox":[153,0,206,512],"area":105472,"segmentation":[],"iscrowd":0},{"id":176,"image_id":176,"category_id":1,"bbox":[139,0,235,512],"area":120320,"segmentation":[],"iscrowd":0},{"id":177,"image_id":177,"category_id":2,"bbox":[161,0,190,512],"area":97280,"segmentation":[],"iscrowd":0},{"id":178,"image_id":178,"category_id":6,"bbox":[164,0,184,512],"area":94208,"segmentation":[],"iscrowd":0},{"id":179,"image_id":179,"category_id":6,"bbox":[157,0,199,512],"area":101888,"segmentation":[],"iscrowd":0},{"id":180,"image_id":180,"category_id":3,"bbox":[126,0,261,512],"area":133632,"segmentation":[],"iscrowd":0},{"id":181,"image_id":181,"category_id":5,"bbox":[150,0,213,512],"area":109056,"segmentation":[],"iscrowd":0},{"id":182,"image_id":182,"category_id":1,"bbox":[138,0,236,512],"area":120832,"segmentation":[],"iscrowd":0},{"id":183,"image_id":183,"category_id":5,"bbox":[154,0,205,512],"area":104960,"segmentation":[],"iscrowd":0},{"id":184,"image_id":184,"category_id":1,"bbox":[144,0,225,512],"area":115200,"segmentation":[],"iscrowd":0},{"id":185,"image_id":185,"category_id":5,"bbox":[155,0,203,512],"area":103936,"segmentation":[],"iscrowd":0},{"id":186,"image_id":186,"category_id":2,"bbox":[153,0,206,512],"area":105472,"segmentation":[],"iscrowd":0},{"id":187,"image_id":187,"category_id":3,"bbox":[131,0,250,512],"area":128000,"segmentation":[],"iscrowd":0},{"id":188,"image_id":188,"category_id":5,"bbox":[117,0,279,512],"area":142848,"segmentation":[],"iscrowd":0},{"id":189,"image_id":189,"category_id":4,"bbox":[144,0,224,512],"area":114688,"segmentation":[],"iscrowd":0},{"id":190,"image_id":190,"category_id":1,"bbox":[115,1,283,511],"area":144613,"segmentation":[],"iscrowd":0},{"id":191,"image_id":191,"category_id":5,"bbox":[144,0,225,512],"area":115200,"segmentation":[],"iscrowd":0},{"id":192,"image_id":192,"category_id":2,"bbox":[147,0,218,512],"area":111616,"segmentation":[],"iscrowd":0},{"id":193,"image_id":193,"category_id":6,"bbox":[155,0,203,512],"area":103936,"segmentation":[],"iscrowd":0},{"id":194,"image_id":194,"category_id":5,"bbox":[138,0,236,512],"area":120832,"segmentation":[],"iscrowd":0},{"id":195,"image_id":195,"category_id":4,"bbox":[137,0,238,512],"area":121856,"segmentation":[],"iscrowd":0},{"id":196,"image_id":196,"category_id":5,"bbox":[143,0,226,512],"area":115712,"segmentation":[],"iscrowd":0},{"id":197,"image_id":197,"category_id":4,"bbox":[157,0,199,512],"area":101888,"segmentation":[],"iscrowd":0},{"id":198,"image_id":198,"category_id":3,"bbox":[131,0,250,512],"area":128000,"segmentation":[],"iscrowd":0},{"id":199,"image_id":199,"category_id":4,"bbox":[150,0,212,512],"area":108544,"segmentation":[],"iscrowd":0},{"id":200,"image_id":200,"category_id":6,"bbox":[143,0,226,512],"area":115712,"segmentation":[],"iscrowd":0},{"id":201,"image_id":201,"category_id":2,"bbox":[146,0,220,512],"area":112640,"segmentation":[],"iscrowd":0},{"id":202,"image_id":202,"category_id":4,"bbox":[133,0,246,512],"area":125952,"segmentation":[],"iscrowd":0},{"id":203,"image_id":203,"category_id":5,"bbox":[144,0,224,512],"area":114688,"segmentation":[],"iscrowd":0},{"id":204,"image_id":204,"category_id":6,"bbox":[144,0,225,512],"area":115200,"segmentation":[],"iscrowd":0},{"id":205,"image_id":205,"category_id":5,"bbox":[139,0,234,512],"area":119808,"segmentation":[],"iscrowd":0},{"id":206,"image_id":206,"category_id":1,"bbox":[126,0,261,512],"area":133632,"segmentation":[],"iscrowd":0},{"id":207,"image_id":207,"category_id":1,"bbox":[148,0,217,512],"area":111104,"segmentation":[],"iscrowd":0},{"id":208,"image_id":208,"category_id":4,"bbox":[151,0,211,512],"area":108032,"segmentation":[],"iscrowd":0},{"id":209,"image_id":209,"category_id":5,"bbox":[135,0,242,512],"area":123904,"segmentation":[],"iscrowd":0},{"id":210,"image_id":210,"category_id":4,"bbox":[124,0,265,512],"area":135680,"segmentation":[],"iscrowd":0},{"id":211,"image_id":211,"category_id":5,"bbox":[146,0,220,512],"area":112640,"segmentation":[],"iscrowd":0},{"id":212,"image_id":212,"category_id":3,"bbox":[135,0,243,512],"area":124416,"segmentation":[],"iscrowd":0},{"id":213,"image_id":213,"category_id":6,"bbox":[156,0,200,512],"area":102400,"segmentation":[],"iscrowd":0},{"id":214,"image_id":214,"category_id":4,"bbox":[130,0,252,512],"area":129024,"segmentation":[],"iscrowd":0},{"id":215,"image_id":215,"category_id":2,"bbox":[132,0,249,512],"area":127488,"segmentation":[],"iscrowd":0},{"id":216,"image_id":216,"category_id":6,"bbox":[157,0,199,512],"area":101888,"segmentation":[],"iscrowd":0},{"id":217,"image_id":217,"category_id":6,"bbox":[154,0,205,512],"area":104960,"segmentation":[],"iscrowd":0},{"id":218,"image_id":218,"category_id":6,"bbox":[150,0,212,512],"area":108544,"segmentation":[],"iscrowd":0},{"id":219,"image_id":219,"category_id":6,"bbox":[127,0,258,512],"area":132096,"segmentation":[],"iscrowd":0},{"id":220,"image_id":220,"category_id":6,"bbox":[149,0,215,512],"area":110080,"segmentation":[],"iscrowd":0},{"id":221,"image_id":221,"category_id":5,"bbox":[110,0,293,512],"area":150016,"segmentation":[],"iscrowd":0},{"id":222,"image_id":222,"category_id":4,"bbox":[130,0,252,512],"area":129024,"segmentation":[],"iscrowd":0},{"id":223,"image_id":223,"category_id":1,"bbox":[141,0,230,512],"area":117760,"segmentation":[],"iscrowd":0},{"id":224,"image_id":224,"category_id":5,"bbox":[150,0,213,512],"area":109056,"segmentation":[],"iscrowd":0},{"id":225,"image_id":225,"category_id":5,"bbox":[152,0,208,512],"area":106496,"segmentation":[],"iscrowd":0},{"id":226,"image_id":226,"category_id":6,"bbox":[164,0,184,512],"area":94208,"segmentation":[],"iscrowd":0},{"id":227,"image_id":227,"category_id":2,"bbox":[142,0,229,512],"area":117248,"segmentation":[],"iscrowd":0},{"id":228,"image_id":228,"category_id":6,"bbox":[153,0,206,512],"area":105472,"segmentation":[],"iscrowd":0},{"id":229,"image_id":229,"category_id":6,"bbox":[156,0,201,512],"area":102912,"segmentation":[],"iscrowd":0},{"id":230,"image_id":230,"category_id":6,"bbox":[151,0,211,512],"area":108032,"segmentation":[],"iscrowd":0},{"id":231,"image_id":231,"category_id":6,"bbox":[162,0,188,512],"area":96256,"segmentation":[],"iscrowd":0},{"id":232,"image_id":232,"category_id":4,"bbox":[150,0,213,512],"area":109056,"segmentation":[],"iscrowd":0},{"id":233,"image_id":233,"category_id":3,"bbox":[146,0,221,512],"area":113152,"segmentation":[],"iscrowd":0}]}