{"info":{"year":"2024","version":"3","description":"Exported from roboflow.com","contributor":"","url":"https://public.roboflow.com/object-detection/undefined","date_created":"2024-10-21T10:43:08+00:00"},"licenses":[{"id":1,"url":"https://creativecommons.org/licenses/by/4.0/","name":"CC BY 4.0"}],"categories":[{"id":0,"name":"Healthy-Class-PmTX","supercategory":"none"},{"id":1,"name":"Class-1","supercategory":"Healthy-Class-PmTX"},{"id":2,"name":"Class-2","supercategory":"Healthy-Class-PmTX"},{"id":3,"name":"Class-3","supercategory":"Healthy-Class-PmTX"},{"id":4,"name":"Class-4","supercategory":"Healthy-Class-PmTX"},{"id":5,"name":"Class-5","supercategory":"Healthy-Class-PmTX"},{"id":6,"name":"Healthy","supercategory":"Healthy-Class-PmTX"}],"images":[{"id":0,"license":1,"file_name":"DM107_M_R_png.rf.13ebd7b33d2fcd7ecb1d27ee907b54cd.jpg","height":512,"width":512,"date_captured":"2024-10-21T10:43:08+00:00"},{"id":1,"license":1,"file_name":"DM083_M_L_png.rf.18725e9ee4fea5d97529815a967f2c1a.jpg","height":512,"width":512,"date_captured":"2024-10-21T10:43:08+00:00"},{"id":2,"license":1,"file_name":"CG032_M_R_png.rf.0abfe32eef6d20f8385438605c853636.jpg","height":512,"width":512,"date_captured":"2024-10-21T10:43:08+00:00"},{"id":3,"license":1,"file_name":"DM043_M_R_png.rf.174144ebabb797bb5ebeff6301509349.jpg","height":512,"width":512,"date_captured":"2024-10-21T10:43:08+00:00"},{"id":4,"license":1,"file_name":"DM091_M_R_png.rf.12b0310a269f8e593e8d6655028aeb9b.jpg","height":512,"width":512,"date_captured":"2024-10-21T10:43:08+00:00"},{"id":5,"license":1,"file_name":"DM071_F_R_png.rf.1ccc53f976a48dd4b7eec3ca1c03016d.jpg","height":512,"width":512,"date_captured":"2024-10-21T10:43:08+00:00"},{"id":6,"license":1,"file_name":"DM076_M_R_png.rf.18a2c7676c5028b9839b03ac61b7db5f.jpg","height":512,"width":512,"date_captured":"2024-10-21T10:43:08+00:00"},{"id":7,"license":1,"file_name":"DM084_F_R_png.rf.1ade7c327733479336f23271757a0e06.jpg","height":512,"width":512,"date_captured":"2024-10-21T10:43:08+00:00"},{"id":8,"license":1,"file_name":"DM051_F_R_png.rf.294ef3564af016ecb7c74cc2a66def66.jpg","height":512,"width":512,"date_captured":"2024-10-21T10:43:08+00:00"},{"id":9,"license":1,"file_name":"DM104_F_L_png.rf.1875e2a6752a85a611942d244003b37f.jpg","height":512,"width":512,"date_captured":"2024-10-21T10:43:08+00:00"},{"id":10,"license":1,"file_name":"CG008_F_L_png.rf.2be2f47c97db50fefc4b5b8710f690bb.jpg","height":512,"width":512,"date_captured":"2024-10-21T10:43:08+00:00"},{"id":11,"license":1,"file_name":"DM048_F_R_png.rf.230060b04dcb971993d218ab10568fcb.jpg","height":512,"width":512,"date_captured":"2024-10-21T10:43:08+00:00"},{"id":12,"license":1,"file_name":"DM029_F_L_png.rf.3184638026317abe7d1c1a0b6da2b15f.jpg","height":512,"width":512,"date_captured":"2024-10-21T10:43:08+00:00"},{"id":13,"license":1,"file_name":"DM087_F_L_png.rf.19f7a0abdf44d4b2b716ab666cd3388c.jpg","height":512,"width":512,"date_captured":"2024-10-21T10:43:08+00:00"},{"id":14,"license":1,"file_name":"DM119_F_R_png.rf.25dd492e8bc0bd7df3e159558c592895.jpg","height":512,"width":512,"date_captured":"2024-10-21T10:43:08+00:00"},{"id":15,"license":1,"file_name":"CG041_F_R_png.rf.1a067539461b53944297eae48e18a10e.jpg","height":512,"width":512,"date_captured":"2024-10-21T10:43:08+00:00"},{"id":16,"license":1,"file_name":"DM021_F_R_png.rf.26aaac93c31d916132a49d4630fb75b9.jpg","height":512,"width":512,"date_captured":"2024-10-21T10:43:08+00:00"},{"id":17,"license":1,"file_name":"CG041_F_L_png.rf.1c4bfb2693084f4b3a2e41d832091f64.jpg","height":512,"width":512,"date_captured":"2024-10-21T10:43:08+00:00"},{"id":18,"license":1,"file_name":"DM117_F_L_png.rf.2958f552487f03d5a36206dded8a3a29.jpg","height":512,"width":512,"date_captured":"2024-10-21T10:43:08+00:00"},{"id":19,"license":1,"file_name":"DM109_F_R_png.rf.04bfc1e74554ba7f2a7ffac4068faa8e.jpg","height":512,"width":512,"date_captured":"2024-10-21T10:43:08+00:00"},{"id":20,"license":1,"file_name":"DM047_F_R_png.rf.3875e98faaaa47bb1fc82449911d00f6.jpg","height":512,"width":512,"date_captured":"2024-10-21T10:43:08+00:00"},{"id":21,"license":1,"file_name":"DM038_F_R_png.rf.2dd395e3bddeab6a527d7eb65c552b5c.jpg","height":512,"width":512,"date_captured":"2024-10-21T10:43:08+00:00"},{"id":22,"license":1,"file_name":"DM070_F_R_png.rf.35fd5162574f5250e634d7506ae6d5bb.jpg","height":512,"width":512,"date_captured":"2024-10-21T10:43:08+00:00"},{"id":23,"license":1,"file_name":"DM114_F_R_png.rf.1e89cc3398334094b4762e6d0032c764.jpg","height":512,"width":512,"date_captured":"2024-10-21T10:43:08+00:00"},{"id":24,"license":1,"file_name":"DM030_F_L_png.rf.49c8b32bfd84393b0db590496b071d79.jpg","height":512,"width":512,"date_captured":"2024-10-21T10:43:08+00:00"},{"id":25,"license":1,"file_name":"DM021_F_L_png.rf.3bc228e1811983e138450169a2870d5a.jpg","height":512,"width":512,"date_captured":"2024-10-21T10:43:08+00:00"},{"id":26,"license":1,"file_name":"CG009_M_L_png.rf.422bf3842ad455ca195b7f45dfe0541d.jpg","height":512,"width":512,"date_captured":"2024-10-21T10:43:08+00:00"},{"id":27,"license":1,"file_name":"DM017_F_L_png.rf.408cbb1b4b9b31935bde93a72f25d181.jpg","height":512,"width":512,"date_captured":"2024-10-21T10:43:08+00:00"},{"id":28,"license":1,"file_name":"DM096_M_L_png.rf.4b63bb6413c55dd5d4ebc001c7d527b4.jpg","height":512,"width":512,"date_captured":"2024-10-21T10:43:08+00:00"},{"id":29,"license":1,"file_name":"DM073_F_L_png.rf.3e80ab75e2119d77520edba918b66e10.jpg","height":512,"width":512,"date_captured":"2024-10-21T10:43:08+00:00"},{"id":30,"license":1,"file_name":"DM082_F_R_png.rf.24a2b39608cdda136585e8b33557bf59.jpg","height":512,"width":512,"date_captured":"2024-10-21T10:43:08+00:00"},{"id":31,"license":1,"file_name":"DM037_F_R_png.rf.5a2973b9984729eb735d3ab72f4e9b94.jpg","height":512,"width":512,"date_captured":"2024-10-21T10:43:08+00:00"},{"id":32,"license":1,"file_name":"DM031_F_R_png.rf.499832c2961197f601a34556225cc79a.jpg","height":512,"width":512,"date_captured":"2024-10-21T10:43:08+00:00"},{"id":33,"license":1,"file_name":"CG043_M_L_png.rf.4a397899d444573954c221c5467c69c3.jpg","height":512,"width":512,"date_captured":"2024-10-21T10:43:08+00:00"},{"id":34,"license":1,"file_name":"DM093_F_R_png.rf.46883e79c04fac945e73acb9a0275a3e.jpg","height":512,"width":512,"date_captured":"2024-10-21T10:43:08+00:00"},{"id":35,"license":1,"file_name":"DM099_F_L_png.rf.504734dd844633e51ad20ea42d48a9b7.jpg","height":512,"width":512,"date_captured":"2024-10-21T10:43:08+00:00"},{"id":36,"license":1,"file_name":"DM074_F_R_png.rf.60371967c41fc7f3d04021cc93d4b5c9.jpg","height":512,"width":512,"date_captured":"2024-10-21T10:43:08+00:00"},{"id":37,"license":1,"file_name":"DM067_F_R_png.rf.4feff54e64e41dc537ef760ebf94daa5.jpg","height":512,"width":512,"date_captured":"2024-10-21T10:43:08+00:00"},{"id":38,"license":1,"file_name":"DM003_F_L_png.rf.5a20a554d4ac506f9cdf1fd63c96e7bb.jpg","height":512,"width":512,"date_captured":"2024-10-21T10:43:08+00:00"},{"id":39,"license":1,"file_name":"CG016_M_R_png.rf.4489f18ca57a4022bd83ece4b488c023.jpg","height":512,"width":512,"date_captured":"2024-10-21T10:43:08+00:00"},{"id":40,"license":1,"file_name":"DM062_M_L_png.rf.67cf96b8d28a2a263315af723d47a842.jpg","height":512,"width":512,"date_captured":"2024-10-21T10:43:08+00:00"},{"id":41,"license":1,"file_name":"CG022_M_R_png.rf.66a1c8c186e9b59f47d9670bbef24003.jpg","height":512,"width":512,"date_captured":"2024-10-21T10:43:08+00:00"},{"id":42,"license":1,"file_name":"CG018_M_R_png.rf.6dd51739d4714c94159b2b758918047e.jpg","height":512,"width":512,"date_captured":"2024-10-21T10:43:08+00:00"},{"id":43,"license":1,"file_name":"DM081_F_L_png.rf.627e82f9c2f782874a9c4cb6f531c9be.jpg","height":512,"width":512,"date_captured":"2024-10-21T10:43:08+00:00"},{"id":44,"license":1,"file_name":"DM033_M_R_png.rf.56925eecfb234990284c3f0aea839e62.jpg","height":512,"width":512,"date_captured":"2024-10-21T10:43:08+00:00"},{"id":45,"license":1,"file_name":"DM032_M_L_png.rf.703afe251ba223fe2784a915e37d8f4a.jpg","height":512,"width":512,"date_captured":"2024-10-21T10:43:08+00:00"},{"id":46,"license":1,"file_name":"DM119_F_L_png.rf.4c1e88ffa6bd999ba821f28314da85d4.jpg","height":512,"width":512,"date_captured":"2024-10-21T10:43:08+00:00"},{"id":47,"license":1,"file_name":"DM006_F_L_png.rf.6451c236bfc349577a0e171f59eda529.jpg","height":512,"width":512,"date_captured":"2024-10-21T10:43:08+00:00"},{"id":48,"license":1,"file_name":"DM104_F_R_png.rf.65ed8cd9a16cae5d9317f330eb1be3bf.jpg","height":512,"width":512,"date_captured":"2024-10-21T10:43:08+00:00"},{"id":49,"license":1,"file_name":"DM084_F_L_png.rf.762db3870ad5403937e6b0d1d929f023.jpg","height":512,"width":512,"date_captured":"2024-10-21T10:43:08+00:00"},{"id":50,"license":1,"file_name":"DM093_F_L_png.rf.734c75f887f3fb2f84eef470a9e163fb.jpg","height":512,"width":512,"date_captured":"2024-10-21T10:43:08+00:00"},{"id":51,"license":1,"file_name":"CG025_M_L_png.rf.7442d728ab594091c4ef09621d8a4597.jpg","height":512,"width":512,"date_captured":"2024-10-21T10:43:08+00:00"},{"id":52,"license":1,"file_name":"DM046_M_L_png.rf.7257281f256712ff917920b4151d0701.jpg","height":512,"width":512,"date_captured":"2024-10-21T10:43:08+00:00"},{"id":53,"license":1,"file_name":"DM049_F_R_png.rf.9ac3ab8cd7b381cc53b6ce3368038bfc.jpg","height":512,"width":512,"date_captured":"2024-10-21T10:43:08+00:00"},{"id":54,"license":1,"file_name":"DM105_F_L_png.rf.75e78bd94ad9d6469f092d0f060e13f6.jpg","height":512,"width":512,"date_captured":"2024-10-21T10:43:08+00:00"},{"id":55,"license":1,"file_name":"DM054_F_R_png.rf.799d0fcd8710545092d3670ffe9c8036.jpg","height":512,"width":512,"date_captured":"2024-10-21T10:43:08+00:00"},{"id":56,"license":1,"file_name":"DM115_F_R_png.rf.7b0162e6d6d77b82aeaebb2c75214612.jpg","height":512,"width":512,"date_captured":"2024-10-21T10:43:08+00:00"},{"id":57,"license":1,"file_name":"DM009_F_R_png.rf.7417bd9c37f4ada59eebda682c9b89d7.jpg","height":512,"width":512,"date_captured":"2024-10-21T10:43:08+00:00"},{"id":58,"license":1,"file_name":"DM085_F_L_png.rf.8d553b30a3f0bf7d71e9ee34e6aae33c.jpg","height":512,"width":512,"date_captured":"2024-10-21T10:43:08+00:00"},{"id":59,"license":1,"file_name":"DM107_M_L_png.rf.9c90b2eb2b6da4bf7ab2b3f41fe8b00e.jpg","height":512,"width":512,"date_captured":"2024-10-21T10:43:08+00:00"},{"id":60,"license":1,"file_name":"DM111_F_L_png.rf.8505b76d8024e48736d675b8d20bedaa.jpg","height":512,"width":512,"date_captured":"2024-10-21T10:43:08+00:00"},{"id":61,"license":1,"file_name":"DM007_F_R_png.rf.7df54bdd0c5ab886d9217fc48d4d6b10.jpg","height":512,"width":512,"date_captured":"2024-10-21T10:43:08+00:00"},{"id":62,"license":1,"file_name":"DM054_F_L_png.rf.9cbf3d149a1978e85665f7e161ccccf8.jpg","height":512,"width":512,"date_captured":"2024-10-21T10:43:08+00:00"},{"id":63,"license":1,"file_name":"DM030_F_R_png.rf.81bfac9b4c3641fb49d2bd1c23eea3fc.jpg","height":512,"width":512,"date_captured":"2024-10-21T10:43:08+00:00"},{"id":64,"license":1,"file_name":"DM049_F_L_png.rf.8a82271d262c89671965c6e16759d8ff.jpg","height":512,"width":512,"date_captured":"2024-10-21T10:43:08+00:00"},{"id":65,"license":1,"file_name":"DM069_F_R_png.rf.9e5f6ca028fd5d56682309fac6e53fed.jpg","height":512,"width":512,"date_captured":"2024-10-21T10:43:08+00:00"},{"id":66,"license":1,"file_name":"DM065_F_R_png.rf.9f03e6e502b0ee61c617688c15f3106d.jpg","height":512,"width":512,"date_captured":"2024-10-21T10:43:08+00:00"},{"id":67,"license":1,"file_name":"DM108_F_R_png.rf.9c830bb3eaec06293dd6dd936ef1ea4a.jpg","height":512,"width":512,"date_captured":"2024-10-21T10:43:08+00:00"},{"id":68,"license":1,"file_name":"DM070_F_L_png.rf.a7039440907d5be72d6f6d06d58a5e61.jpg","height":512,"width":512,"date_captured":"2024-10-21T10:43:08+00:00"},{"id":69,"license":1,"file_name":"CG004_F_L_png.rf.8a0474ac3bfea1d4e1be520841c88347.jpg","height":512,"width":512,"date_captured":"2024-10-21T10:43:08+00:00"},{"id":70,"license":1,"file_name":"CG023_F_R_png.rf.a7f21acdd8c0cfe366edcab78ecfe994.jpg","height":512,"width":512,"date_captured":"2024-10-21T10:43:08+00:00"},{"id":71,"license":1,"file_name":"DM087_F_R_png.rf.92b95c2d289c7e017590421248e55ee4.jpg","height":512,"width":512,"date_captured":"2024-10-21T10:43:08+00:00"},{"id":72,"license":1,"file_name":"DM085_F_R_png.rf.70c31e40c2bdcf3e4d53808ea106f9cf.jpg","height":512,"width":512,"date_captured":"2024-10-21T10:43:08+00:00"},{"id":73,"license":1,"file_name":"DM100_F_R_png.rf.939c46837c24cceec92ce0ca09bdc0c1.jpg","height":512,"width":512,"date_captured":"2024-10-21T10:43:08+00:00"},{"id":74,"license":1,"file_name":"DM095_F_L_png.rf.9fd4441ab01faa58026b806317930dbf.jpg","height":512,"width":512,"date_captured":"2024-10-21T10:43:08+00:00"},{"id":75,"license":1,"file_name":"DM015_M_R_png.rf.c2f0c149ccc6ec29c19a8aba26185f2a.jpg","height":512,"width":512,"date_captured":"2024-10-21T10:43:08+00:00"},{"id":76,"license":1,"file_name":"CG025_M_R_png.rf.ae9d003e5bc0dea42241e8884713ab8b.jpg","height":512,"width":512,"date_captured":"2024-10-21T10:43:08+00:00"},{"id":77,"license":1,"file_name":"DM074_F_L_png.rf.addc4b4f687ff4fe0799ab864e3d44a0.jpg","height":512,"width":512,"date_captured":"2024-10-21T10:43:08+00:00"},{"id":78,"license":1,"file_name":"CG009_M_R_png.rf.af440fbd96f07a4ad5fbf0a434ef9d00.jpg","height":512,"width":512,"date_captured":"2024-10-21T10:43:08+00:00"},{"id":79,"license":1,"file_name":"DM010_M_L_png.rf.c89825cf154984c8942624fc8dedc403.jpg","height":512,"width":512,"date_captured":"2024-10-21T10:43:08+00:00"},{"id":80,"license":1,"file_name":"DM121_F_L_png.rf.c673032a089e0267b2ff9854af5a36be.jpg","height":512,"width":512,"date_captured":"2024-10-21T10:43:08+00:00"},{"id":81,"license":1,"file_name":"DM015_M_L_png.rf.77d2210d2755946ea4bd3da317f6412b.jpg","height":512,"width":512,"date_captured":"2024-10-21T10:43:08+00:00"},{"id":82,"license":1,"file_name":"DM028_M_L_png.rf.b239887fb08ebb7b4e228b6e5222ba38.jpg","height":512,"width":512,"date_captured":"2024-10-21T10:43:08+00:00"},{"id":83,"license":1,"file_name":"DM086_F_R_png.rf.b9ae98c9e47d85e50227cd15c506647e.jpg","height":512,"width":512,"date_captured":"2024-10-21T10:43:08+00:00"},{"id":84,"license":1,"file_name":"DM039_M_L_png.rf.b6222b766623f9df8b32ad774307cd60.jpg","height":512,"width":512,"date_captured":"2024-10-21T10:43:08+00:00"},{"id":85,"license":1,"file_name":"DM091_M_L_png.rf.d34ae61aa0f215e9d9a4bca795ddd16f.jpg","height":512,"width":512,"date_captured":"2024-10-21T10:43:08+00:00"},{"id":86,"license":1,"file_name":"DM037_F_L_png.rf.c8847b5b2f73762e742b1ef20e9452f9.jpg","height":512,"width":512,"date_captured":"2024-10-21T10:43:08+00:00"},{"id":87,"license":1,"file_name":"DM080_F_R_png.rf.ce873fe42dc17d9b3fda734e7b5ad3d8.jpg","height":512,"width":512,"date_captured":"2024-10-21T10:43:08+00:00"},{"id":88,"license":1,"file_name":"DM058_F_R_png.rf.d6c578fb3c61a46b37a262643c5b793e.jpg","height":512,"width":512,"date_captured":"2024-10-21T10:43:08+00:00"},{"id":89,"license":1,"file_name":"DM067_F_L_png.rf.c7d849fcdf876ac4bdcdc76f582bcc36.jpg","height":512,"width":512,"date_captured":"2024-10-21T10:43:08+00:00"},{"id":90,"license":1,"file_name":"DM057_F_R_png.rf.d6026548b2754859493da48af5a8e1a6.jpg","height":512,"width":512,"date_captured":"2024-10-21T10:43:08+00:00"},{"id":91,"license":1,"file_name":"DM092_F_R_png.rf.b22eea55c9097f57d46e08c7bf22764a.jpg","height":512,"width":512,"date_captured":"2024-10-21T10:43:08+00:00"},{"id":92,"license":1,"file_name":"DM075_F_R_png.rf.d8723d2efb205f043c567ede1c9f53c0.jpg","height":512,"width":512,"date_captured":"2024-10-21T10:43:08+00:00"},{"id":93,"license":1,"file_name":"CG031_M_L_png.rf.dcc35ae6529a6d1f99071cb80551848b.jpg","height":512,"width":512,"date_captured":"2024-10-21T10:43:08+00:00"},{"id":94,"license":1,"file_name":"DM004_M_L_png.rf.dd1ce1a4dd1b37280e6ec2370d30dff8.jpg","height":512,"width":512,"date_captured":"2024-10-21T10:43:08+00:00"},{"id":95,"license":1,"file_name":"CG031_M_R_png.rf.ddd6dd39e08937b4e68ca9c1ad06c69a.jpg","height":512,"width":512,"date_captured":"2024-10-21T10:43:08+00:00"},{"id":96,"license":1,"file_name":"DM052_F_R_png.rf.e3f4da444c2c0031eba99fae550a2992.jpg","height":512,"width":512,"date_captured":"2024-10-21T10:43:08+00:00"},{"id":97,"license":1,"file_name":"DM048_F_L_png.rf.d3dfa8a2ea3ce82dd4612d1804a21c2b.jpg","height":512,"width":512,"date_captured":"2024-10-21T10:43:08+00:00"},{"id":98,"license":1,"file_name":"DM018_M_R_png.rf.e618dc1293acf11a47bd855aefc7f9f8.jpg","height":512,"width":512,"date_captured":"2024-10-21T10:43:08+00:00"},{"id":99,"license":1,"file_name":"DM017_F_R_png.rf.d6346517c53483ffbac4e72479dc8768.jpg","height":512,"width":512,"date_captured":"2024-10-21T10:43:08+00:00"},{"id":100,"license":1,"file_name":"DM022_F_L_png.rf.e46a211fb0c1b8e90074f4a89145ce3a.jpg","height":512,"width":512,"date_captured":"2024-10-21T10:43:08+00:00"},{"id":101,"license":1,"file_name":"CG016_M_L_png.rf.dc8ec4757af4ec041d5aa2689dcf1afc.jpg","height":512,"width":512,"date_captured":"2024-10-21T10:43:08+00:00"},{"id":102,"license":1,"file_name":"DM068_F_L_png.rf.f60bb7f990b965db3c6fbd1485b9a4d8.jpg","height":512,"width":512,"date_captured":"2024-10-21T10:43:08+00:00"},{"id":103,"license":1,"file_name":"DM108_F_L_png.rf.e01b022153917b7936b80683cf6d54df.jpg","height":512,"width":512,"date_captured":"2024-10-21T10:43:08+00:00"},{"id":104,"license":1,"file_name":"CG023_F_L_png.rf.ebd4d68f1f0ff77ded5d0d16e44648f8.jpg","height":512,"width":512,"date_captured":"2024-10-21T10:43:08+00:00"},{"id":105,"license":1,"file_name":"DM111_F_R_png.rf.e509a5ee6a76ae18653a51189fa4a0d1.jpg","height":512,"width":512,"date_captured":"2024-10-21T10:43:08+00:00"},{"id":106,"license":1,"file_name":"DM008_M_L_png.rf.e6808eae7630cbd17fd04f1273a781d0.jpg","height":512,"width":512,"date_captured":"2024-10-21T10:43:08+00:00"},{"id":107,"license":1,"file_name":"CG018_M_L_png.rf.f1428b266a60a2b11de03e6e79f2898d.jpg","height":512,"width":512,"date_captured":"2024-10-21T10:43:08+00:00"},{"id":108,"license":1,"file_name":"DM043_M_L_png.rf.fa38c2a8931840203a81a3d8e5898d8d.jpg","height":512,"width":512,"date_captured":"2024-10-21T10:43:08+00:00"},{"id":109,"license":1,"file_name":"DM010_M_R_png.rf.dd47bd8fb3ada11f1f65cf6dceab458e.jpg","height":512,"width":512,"date_captured":"2024-10-21T10:43:08+00:00"},{"id":110,"license":1,"file_name":"DM019_F_R_png.rf.e7d2834137b073c5520f06c53e56089c.jpg","height":512,"width":512,"date_captured":"2024-10-21T10:43:08+00:00"},{"id":111,"license":1,"file_name":"DM029_F_R_png.rf.fef57ce3ebd31ac908ed4b20abb0cd68.jpg","height":512,"width":512,"date_captured":"2024-10-21T10:43:08+00:00"},{"id":112,"license":1,"file_name":"DM076_M_L_png.rf.ebfdd78d42437b1d3094e3f08342768e.jpg","height":512,"width":512,"date_captured":"2024-10-21T10:43:08+00:00"},{"id":113,"license":1,"file_name":"DM078_F_L_png.rf.e92ec37bbb4e4baaa9c667eb626dfc66.jpg","height":512,"width":512,"date_captured":"2024-10-21T10:43:08+00:00"}],"annotations":[{"id":0,"image_id":0,"category_id":3,"bbox":[150,0,212,512],"area":108544,"segmentation":[],"iscrowd":0},{"id":1,"image_id":1,"category_id":2,"bbox":[161,0,190,512],"area":97280,"segmentation":[],"iscrowd":0},{"id":2,"image_id":2,"category_id":6,"bbox":[150,0,212,512],"area":108544,"segmentation":[],"iscrowd":0},{"id":3,"image_id":3,"category_id":3,"bbox":[149,0,214,512],"area":109568,"segmentation":[],"iscrowd":0},{"id":4,"image_id":4,"category_id":5,"bbox":[157,0,199,512],"area":101888,"segmentation":[],"iscrowd":0},{"id":5,"image_id":5,"category_id":1,"bbox":[134,0,245,512],"area":125440,"segmentation":[],"iscrowd":0},{"id":6,"image_id":6,"category_id":5,"bbox":[140,0,233,512],"area":119296,"segmentation":[],"iscrowd":0},{"id":7,"image_id":7,"category_id":3,"bbox":[129,0,254,512],"area":130048,"segmentation":[],"iscrowd":0},{"id":8,"image_id":8,"category_id":2,"bbox":[138,0,236,512],"area":120832,"segmentation":[],"iscrowd":0},{"id":9,"image_id":9,"category_id":3,"bbox":[131,0,251,512],"area":128512,"segmentation":[],"iscrowd":0},{"id":10,"image_id":10,"category_id":6,"bbox":[159,0,194,512],"area":99328,"segmentation":[],"iscrowd":0},{"id":11,"image_id":11,"category_id":4,"bbox":[150,0,212,512],"area":108544,"segmentation":[],"iscrowd":0},{"id":12,"image_id":12,"category_id":3,"bbox":[131,0,250,512],"area":128000,"segmentation":[],"iscrowd":0},{"id":13,"image_id":13,"category_id":2,"bbox":[149,0,215,512],"area":110080,"segmentation":[],"iscrowd":0},{"id":14,"image_id":14,"category_id":5,"bbox":[153,0,206,512],"area":105472,"segmentation":[],"iscrowd":0},{"id":15,"image_id":15,"category_id":6,"bbox":[150,0,212,512],"area":108544,"segmentation":[],"iscrowd":0},{"id":16,"image_id":16,"category_id":4,"bbox":[124,0,265,512],"area":135680,"segmentation":[],"iscrowd":0},{"id":17,"image_id":17,"category_id":6,"bbox":[149,0,214,512],"area":109568,"segmentation":[],"iscrowd":0},{"id":18,"image_id":18,"category_id":1,"bbox":[148,0,216,512],"area":110592,"segmentation":[],"iscrowd":0},{"id":19,"image_id":19,"category_id":5,"bbox":[143,0,226,512],"area":115712,"segmentation":[],"iscrowd":0},{"id":20,"image_id":20,"category_id":5,"bbox":[142,0,228,512],"area":116736,"segmentation":[],"iscrowd":0},{"id":21,"image_id":21,"category_id":3,"bbox":[154,0,204,512],"area":104448,"segmentation":[],"iscrowd":0},{"id":22,"image_id":22,"category_id":3,"bbox":[157,0,199,512],"area":101888,"segmentation":[],"iscrowd":0},{"id":23,"image_id":23,"category_id":2,"bbox":[132,0,248,512],"area":126976,"segmentation":[],"iscrowd":0},{"id":24,"image_id":24,"category_id":2,"bbox":[154,0,204,512],"area":104448,"segmentation":[],"iscrowd":0},{"id":25,"image_id":25,"category_id":3,"bbox":[126,0,260,512],"area":133120,"segmentation":[],"iscrowd":0},{"id":26,"image_id":26,"category_id":6,"bbox":[162,0,188,512],"area":96256,"segmentation":[],"iscrowd":0},{"id":27,"image_id":27,"category_id":4,"bbox":[138,0,237,512],"area":121344,"segmentation":[],"iscrowd":0},{"id":28,"image_id":28,"category_id":1,"bbox":[146,0,221,512],"area":113152,"segmentation":[],"iscrowd":0},{"id":29,"image_id":29,"category_id":3,"bbox":[131,0,250,512],"area":128000,"segmentation":[],"iscrowd":0},{"id":30,"image_id":30,"category_id":5,"bbox":[154,0,205,512],"area":104960,"segmentation":[],"iscrowd":0},{"id":31,"image_id":31,"category_id":1,"bbox":[125,0,262,512],"area":134144,"segmentation":[],"iscrowd":0},{"id":32,"image_id":32,"category_id":4,"bbox":[134,0,244,512],"area":124928,"segmentation":[],"iscrowd":0},{"id":33,"image_id":33,"category_id":6,"bbox":[147,0,218,512],"area":111616,"segmentation":[],"iscrowd":0},{"id":34,"image_id":34,"category_id":5,"bbox":[144,0,225,512],"area":115200,"segmentation":[],"iscrowd":0},{"id":35,"image_id":35,"category_id":1,"bbox":[141,0,230,512],"area":117760,"segmentation":[],"iscrowd":0},{"id":36,"image_id":36,"category_id":4,"bbox":[144,0,224,512],"area":114688,"segmentation":[],"iscrowd":0},{"id":37,"image_id":37,"category_id":2,"bbox":[144,0,225,512],"area":115200,"segmentation":[],"iscrowd":0},{"id":38,"image_id":38,"category_id":1,"bbox":[116,0,281,512],"area":143872,"segmentation":[],"iscrowd":0},{"id":39,"image_id":39,"category_id":6,"bbox":[148,0,216,512],"area":110592,"segmentation":[],"iscrowd":0},{"id":40,"image_id":40,"category_id":2,"bbox":[167,0,179,512],"area":91648,"segmentation":[],"iscrowd":0},{"id":41,"image_id":41,"category_id":6,"bbox":[139,0,235,512],"area":120320,"segmentation":[],"iscrowd":0},{"id":42,"image_id":42,"category_id":6,"bbox":[162,0,188,512],"area":96256,"segmentation":[],"iscrowd":0},{"id":43,"image_id":43,"category_id":2,"bbox":[144,0,224,512],"area":114688,"segmentation":[],"iscrowd":0},{"id":44,"image_id":44,"category_id":1,"bbox":[146,0,220,512],"area":112640,"segmentation":[],"iscrowd":0},{"id":45,"image_id":45,"category_id":4,"bbox":[155,0,202,512],"area":103424,"segmentation":[],"iscrowd":0},{"id":46,"image_id":46,"category_id":5,"bbox":[159,0,195,512],"area":99840,"segmentation":[],"iscrowd":0},{"id":47,"image_id":47,"category_id":5,"bbox":[144,0,224,512],"area":114688,"segmentation":[],"iscrowd":0},{"id":48,"image_id":48,"category_id":2,"bbox":[132,0,249,512],"area":127488,"segmentation":[],"iscrowd":0},{"id":49,"image_id":49,"category_id":3,"bbox":[136,0,241,512],"area":123392,"segmentation":[],"iscrowd":0},{"id":50,"image_id":50,"category_id":5,"bbox":[136,0,241,512],"area":123392,"segmentation":[],"iscrowd":0},{"id":51,"image_id":51,"category_id":6,"bbox":[154,0,204,512],"area":104448,"segmentation":[],"iscrowd":0},{"id":52,"image_id":52,"category_id":3,"bbox":[148,0,217,512],"area":111104,"segmentation":[],"iscrowd":0},{"id":53,"image_id":53,"category_id":1,"bbox":[149,0,214,512],"area":109568,"segmentation":[],"iscrowd":0},{"id":54,"image_id":54,"category_id":1,"bbox":[150,0,213,512],"area":109056,"segmentation":[],"iscrowd":0},{"id":55,"image_id":55,"category_id":2,"bbox":[143,0,227,512],"area":116224,"segmentation":[],"iscrowd":0},{"id":56,"image_id":56,"category_id":4,"bbox":[133,0,246,512],"area":125952,"segmentation":[],"iscrowd":0},{"id":57,"image_id":57,"category_id":3,"bbox":[126,0,261,512],"area":133632,"segmentation":[],"iscrowd":0},{"id":58,"image_id":58,"category_id":3,"bbox":[149,0,214,512],"area":109568,"segmentation":[],"iscrowd":0},{"id":59,"image_id":59,"category_id":1,"bbox":[155,0,203,512],"area":103936,"segmentation":[],"iscrowd":0},{"id":60,"image_id":60,"category_id":1,"bbox":[148,0,217,512],"area":111104,"segmentation":[],"iscrowd":0},{"id":61,"image_id":61,"category_id":2,"bbox":[143,0,227,512],"area":116224,"segmentation":[],"iscrowd":0},{"id":62,"image_id":62,"category_id":2,"bbox":[133,0,247,512],"area":126464,"segmentation":[],"iscrowd":0},{"id":63,"image_id":63,"category_id":2,"bbox":[157,0,198,512],"area":101376,"segmentation":[],"iscrowd":0},{"id":64,"image_id":64,"category_id":1,"bbox":[149,0,215,512],"area":110080,"segmentation":[],"iscrowd":0},{"id":65,"image_id":65,"category_id":4,"bbox":[130,0,252,512],"area":129024,"segmentation":[],"iscrowd":0},{"id":66,"image_id":66,"category_id":4,"bbox":[147,0,218,512],"area":111616,"segmentation":[],"iscrowd":0},{"id":67,"image_id":67,"category_id":2,"bbox":[135,0,242,512],"area":123904,"segmentation":[],"iscrowd":0},{"id":68,"image_id":68,"category_id":3,"bbox":[156,0,200,512],"area":102400,"segmentation":[],"iscrowd":0},{"id":69,"image_id":69,"category_id":6,"bbox":[138,0,237,512],"area":121344,"segmentation":[],"iscrowd":0},{"id":70,"image_id":70,"category_id":6,"bbox":[128,0,256,512],"area":131072,"segmentation":[],"iscrowd":0},{"id":71,"image_id":71,"category_id":3,"bbox":[146,0,221,512],"area":113152,"segmentation":[],"iscrowd":0},{"id":72,"image_id":72,"category_id":3,"bbox":[143,0,226,512],"area":115712,"segmentation":[],"iscrowd":0},{"id":73,"image_id":73,"category_id":4,"bbox":[153,0,206,512],"area":105472,"segmentation":[],"iscrowd":0},{"id":74,"image_id":74,"category_id":1,"bbox":[154,0,204,512],"area":104448,"segmentation":[],"iscrowd":0},{"id":75,"image_id":75,"category_id":5,"bbox":[98,0,317,512],"area":162304,"segmentation":[],"iscrowd":0},{"id":76,"image_id":76,"category_id":6,"bbox":[157,0,198,512],"area":101376,"segmentation":[],"iscrowd":0},{"id":77,"image_id":77,"category_id":4,"bbox":[129,0,254,512],"area":130048,"segmentation":[],"iscrowd":0},{"id":78,"image_id":78,"category_id":6,"bbox":[156,0,200,512],"area":102400,"segmentation":[],"iscrowd":0},{"id":79,"image_id":79,"category_id":5,"bbox":[137,0,239,512],"area":122368,"segmentation":[],"iscrowd":0},{"id":80,"image_id":80,"category_id":5,"bbox":[150,0,212,512],"area":108544,"segmentation":[],"iscrowd":0},{"id":81,"image_id":81,"category_id":5,"bbox":[117,0,279,512],"area":142848,"segmentation":[],"iscrowd":0},{"id":82,"image_id":82,"category_id":1,"bbox":[147,0,218,512],"area":111616,"segmentation":[],"iscrowd":0},{"id":83,"image_id":83,"category_id":2,"bbox":[118,0,277,512],"area":141824,"segmentation":[],"iscrowd":0},{"id":84,"image_id":84,"category_id":4,"bbox":[145,0,223,512],"area":114176,"segmentation":[],"iscrowd":0},{"id":85,"image_id":85,"category_id":5,"bbox":[156,0,200,512],"area":102400,"segmentation":[],"iscrowd":0},{"id":86,"image_id":86,"category_id":1,"bbox":[124,0,264,512],"area":135168,"segmentation":[],"iscrowd":0},{"id":87,"image_id":87,"category_id":2,"bbox":[142,0,229,512],"area":117248,"segmentation":[],"iscrowd":0},{"id":88,"image_id":88,"category_id":1,"bbox":[115,1,283,511],"area":144613,"segmentation":[],"iscrowd":0},{"id":89,"image_id":89,"category_id":1,"bbox":[144,0,225,512],"area":115200,"segmentation":[],"iscrowd":0},{"id":90,"image_id":90,"category_id":1,"bbox":[145,0,223,512],"area":114176,"segmentation":[],"iscrowd":0},{"id":91,"image_id":91,"category_id":5,"bbox":[144,0,224,512],"area":114688,"segmentation":[],"iscrowd":0},{"id":92,"image_id":92,"category_id":4,"bbox":[145,0,223,512],"area":114176,"segmentation":[],"iscrowd":0},{"id":93,"image_id":93,"category_id":6,"bbox":[144,0,225,512],"area":115200,"segmentation":[],"iscrowd":0},{"id":94,"image_id":94,"category_id":4,"bbox":[135,0,243,512],"area":124416,"segmentation":[],"iscrowd":0},{"id":95,"image_id":95,"category_id":6,"bbox":[144,0,225,512],"area":115200,"segmentation":[],"iscrowd":0},{"id":96,"image_id":96,"category_id":2,"bbox":[149,0,214,512],"area":109568,"segmentation":[],"iscrowd":0},{"id":97,"image_id":97,"category_id":4,"bbox":[150,0,213,512],"area":109056,"segmentation":[],"iscrowd":0},{"id":98,"image_id":98,"category_id":3,"bbox":[125,0,263,512],"area":134656,"segmentation":[],"iscrowd":0},{"id":99,"image_id":99,"category_id":4,"bbox":[140,0,232,512],"area":118784,"segmentation":[],"iscrowd":0},{"id":100,"image_id":100,"category_id":4,"bbox":[157,0,199,512],"area":101888,"segmentation":[],"iscrowd":0},{"id":101,"image_id":101,"category_id":6,"bbox":[149,0,214,512],"area":109568,"segmentation":[],"iscrowd":0},{"id":102,"image_id":102,"category_id":5,"bbox":[141,0,231,512],"area":118272,"segmentation":[],"iscrowd":0},{"id":103,"image_id":103,"category_id":2,"bbox":[140,0,233,512],"area":119296,"segmentation":[],"iscrowd":0},{"id":104,"image_id":104,"category_id":6,"bbox":[130,0,253,512],"area":129536,"segmentation":[],"iscrowd":0},{"id":105,"image_id":105,"category_id":2,"bbox":[153,0,206,512],"area":105472,"segmentation":[],"iscrowd":0},{"id":106,"image_id":106,"category_id":3,"bbox":[150,0,212,512],"area":108544,"segmentation":[],"iscrowd":0},{"id":107,"image_id":107,"category_id":6,"bbox":[156,0,201,512],"area":102912,"segmentation":[],"iscrowd":0},{"id":108,"image_id":108,"category_id":4,"bbox":[152,0,208,512],"area":106496,"segmentation":[],"iscrowd":0},{"id":109,"image_id":109,"category_id":5,"bbox":[132,0,249,512],"area":127488,"segmentation":[],"iscrowd":0},{"id":110,"image_id":110,"category_id":4,"bbox":[117,0,279,512],"area":142848,"segmentation":[],"iscrowd":0},{"id":111,"image_id":111,"category_id":1,"bbox":[130,0,252,512],"area":129024,"segmentation":[],"iscrowd":0},{"id":112,"image_id":112,"category_id":5,"bbox":[138,0,236,512],"area":120832,"segmentation":[],"iscrowd":0},{"id":113,"image_id":113,"category_id":3,"bbox":[145,0,222,512],"area":113664,"segmentation":[],"iscrowd":0}]}