{"info":{"year":"2024","version":"2","description":"Exported from roboflow.com","contributor":"","url":"https://public.roboflow.com/object-detection/undefined","date_created":"2024-08-15T05:34:32+00:00"},"licenses":[{"id":1,"url":"https://creativecommons.org/licenses/by/4.0/","name":"CC BY 4.0"}],"categories":[{"id":0,"name":"Sehat-Kelas","supercategory":"none"},{"id":1,"name":"Class 1","supercategory":"Sehat-Kelas"},{"id":2,"name":"Class 2","supercategory":"Sehat-Kelas"},{"id":3,"name":"Class 3","supercategory":"Sehat-Kelas"},{"id":4,"name":"Class 4","supercategory":"Sehat-Kelas"},{"id":5,"name":"Class 5","supercategory":"Sehat-Kelas"},{"id":6,"name":"Healthy","supercategory":"Sehat-Kelas"}],"images":[{"id":0,"license":1,"file_name":"DM049_F_png.rf.02a1efc2d7ea6af5b97593d004c20be1.jpg","height":512,"width":512,"date_captured":"2024-08-15T05:34:32+00:00"},{"id":1,"license":1,"file_name":"DM099_F_png.rf.0475015db219cc66da32cb127b796758.jpg","height":512,"width":512,"date_captured":"2024-08-15T05:34:32+00:00"},{"id":2,"license":1,"file_name":"DM061_F_png.rf.133f8b80275f730518b774c5332d2524.jpg","height":512,"width":512,"date_captured":"2024-08-15T05:34:32+00:00"},{"id":3,"license":1,"file_name":"DM010_M_png.rf.0d38505dde91266728005d1ecf307dc8.jpg","height":512,"width":512,"date_captured":"2024-08-15T05:34:32+00:00"},{"id":4,"license":1,"file_name":"DM018_M_png.rf.1c25380718a99436c0837270bec89b57.jpg","height":512,"width":512,"date_captured":"2024-08-15T05:34:32+00:00"},{"id":5,"license":1,"file_name":"DM011_F_png.rf.13bb547b13e08714fd0c5ae38ebe510e.jpg","height":512,"width":512,"date_captured":"2024-08-15T05:34:32+00:00"},{"id":6,"license":1,"file_name":"DM032_M_png.rf.10a8c8b4a7faf68e028aa87882ab67bc.jpg","height":512,"width":512,"date_captured":"2024-08-15T05:34:32+00:00"},{"id":7,"license":1,"file_name":"CG010_M_png.rf.105c1059a5c185a4e8f5f58d12604bbc.jpg","height":512,"width":512,"date_captured":"2024-08-15T05:34:32+00:00"},{"id":8,"license":1,"file_name":"DM072_F_png.rf.19c164c2299a666ec82ff3180b1befd3.jpg","height":512,"width":512,"date_captured":"2024-08-15T05:34:32+00:00"},{"id":9,"license":1,"file_name":"DM069_F_png.rf.2ae2bd6e0cf22bd7c3772e7a4b201061.jpg","height":512,"width":512,"date_captured":"2024-08-15T05:34:32+00:00"},{"id":10,"license":1,"file_name":"DM081_F_png.rf.00696e2f27aab2de888f7e65bddcc9b8.jpg","height":512,"width":512,"date_captured":"2024-08-15T05:34:32+00:00"},{"id":11,"license":1,"file_name":"DM031_F_png.rf.12f0b5c164dbbaa63724aa496229a0b5.jpg","height":512,"width":512,"date_captured":"2024-08-15T05:34:32+00:00"},{"id":12,"license":1,"file_name":"CG023_F_png.rf.0b54e1e5bf1c41a578cf8b3d2567b0e9.jpg","height":512,"width":512,"date_captured":"2024-08-15T05:34:32+00:00"},{"id":13,"license":1,"file_name":"DM056_F_png.rf.213d88594736c7df3afb42cfcbc59c46.jpg","height":512,"width":512,"date_captured":"2024-08-15T05:34:32+00:00"},{"id":14,"license":1,"file_name":"DM066_F_png.rf.06903dda83b606c7c90df30f5e8f48a8.jpg","height":512,"width":512,"date_captured":"2024-08-15T05:34:32+00:00"},{"id":15,"license":1,"file_name":"DM079_M_png.rf.1ec83dc9f5bb5f3968198029ca6c5b3c.jpg","height":512,"width":512,"date_captured":"2024-08-15T05:34:32+00:00"},{"id":16,"license":1,"file_name":"CG018_M_png.rf.19a416bc44b84b5372ada911e46cdf04.jpg","height":512,"width":512,"date_captured":"2024-08-15T05:34:32+00:00"},{"id":17,"license":1,"file_name":"CG022_M_png.rf.30f15c48002784885288aabc55009e2f.jpg","height":512,"width":512,"date_captured":"2024-08-15T05:34:32+00:00"},{"id":18,"license":1,"file_name":"DM036_M_png.rf.325a4c543110911ca67e66ac3031286c.jpg","height":512,"width":512,"date_captured":"2024-08-15T05:34:32+00:00"},{"id":19,"license":1,"file_name":"DM028_M_png.rf.3e3f9066e6646581b03155321444f175.jpg","height":512,"width":512,"date_captured":"2024-08-15T05:34:32+00:00"},{"id":20,"license":1,"file_name":"DM051_F_png.rf.76ef1e54e9ffc5a972c47c7dbb0b61ae.jpg","height":512,"width":512,"date_captured":"2024-08-15T05:34:32+00:00"},{"id":21,"license":1,"file_name":"DM102_F_png.rf.534b4996233043a3f8eaccad0a420e25.jpg","height":512,"width":512,"date_captured":"2024-08-15T05:34:32+00:00"},{"id":22,"license":1,"file_name":"DM016_F_png.rf.8d82c9693abe88fc50ec9e03d109b152.jpg","height":512,"width":512,"date_captured":"2024-08-15T05:34:32+00:00"},{"id":23,"license":1,"file_name":"DM043_M_png.rf.93ecba69ed64b89acbf9ec2619b56898.jpg","height":512,"width":512,"date_captured":"2024-08-15T05:34:32+00:00"},{"id":24,"license":1,"file_name":"DM062_M_png.rf.484afa9ec91a397a852f846e9269986e.jpg","height":512,"width":512,"date_captured":"2024-08-15T05:34:32+00:00"},{"id":25,"license":1,"file_name":"DM024_M_png.rf.3fa0d0a955122ff806463b78cbe22423.jpg","height":512,"width":512,"date_captured":"2024-08-15T05:34:32+00:00"},{"id":26,"license":1,"file_name":"CG004_F_png.rf.61053d297eba3e540ee16791dc82e499.jpg","height":512,"width":512,"date_captured":"2024-08-15T05:34:32+00:00"},{"id":27,"license":1,"file_name":"DM035_F_png.rf.43eb552b5e346d8d7aafe0c892d756b1.jpg","height":512,"width":512,"date_captured":"2024-08-15T05:34:32+00:00"},{"id":28,"license":1,"file_name":"DM034_F_png.rf.357ca0ea5cd6c0fd83e8cf3ac6f9e600.jpg","height":512,"width":512,"date_captured":"2024-08-15T05:34:32+00:00"},{"id":29,"license":1,"file_name":"DM054_F_png.rf.a61fcdc99742b0b530a0ebad45a9f4ce.jpg","height":512,"width":512,"date_captured":"2024-08-15T05:34:32+00:00"},{"id":30,"license":1,"file_name":"DM038_F_png.rf.680ccd94f9b9812b59eb47c76da210e7.jpg","height":512,"width":512,"date_captured":"2024-08-15T05:34:32+00:00"},{"id":31,"license":1,"file_name":"DM033_M_png.rf.7d3f7b19b59ae936ca4548e6fd12f37d.jpg","height":512,"width":512,"date_captured":"2024-08-15T05:34:32+00:00"},{"id":32,"license":1,"file_name":"DM020_F_png.rf.41eaf2e92582930f70e7f9ade17f7e97.jpg","height":512,"width":512,"date_captured":"2024-08-15T05:34:32+00:00"},{"id":33,"license":1,"file_name":"DM083_M_png.rf.3f87092f9b5a6fc934584d7bf14a5702.jpg","height":512,"width":512,"date_captured":"2024-08-15T05:34:32+00:00"},{"id":34,"license":1,"file_name":"DM087_F_png.rf.469a815323787d4e6fce2d9243466801.jpg","height":512,"width":512,"date_captured":"2024-08-15T05:34:32+00:00"},{"id":35,"license":1,"file_name":"CG024_F_png.rf.aa31e96d14b2af1bbe6023a22a65c008.jpg","height":512,"width":512,"date_captured":"2024-08-15T05:34:32+00:00"},{"id":36,"license":1,"file_name":"DM071_F_png.rf.92070714ac18ade514edb6e0d8c67c53.jpg","height":512,"width":512,"date_captured":"2024-08-15T05:34:32+00:00"},{"id":37,"license":1,"file_name":"DM017_F_png.rf.91e2a16d14e80c2c973a127c82e9c044.jpg","height":512,"width":512,"date_captured":"2024-08-15T05:34:32+00:00"},{"id":38,"license":1,"file_name":"DM025_M_png.rf.831fd794208561368e8b0298e3ad36bb.jpg","height":512,"width":512,"date_captured":"2024-08-15T05:34:32+00:00"},{"id":39,"license":1,"file_name":"CG016_M_png.rf.8aa522bfe458dd22f43f1dcea8359ee5.jpg","height":512,"width":512,"date_captured":"2024-08-15T05:34:32+00:00"},{"id":40,"license":1,"file_name":"DM044_F_png.rf.b159a5a31a98e300c37ff6a756b193a4.jpg","height":512,"width":512,"date_captured":"2024-08-15T05:34:32+00:00"},{"id":41,"license":1,"file_name":"DM045_F_png.rf.af57cc86afe14c4ab9507ffe2faf060d.jpg","height":512,"width":512,"date_captured":"2024-08-15T05:34:32+00:00"},{"id":42,"license":1,"file_name":"DM008_M_png.rf.3f6b402e4060812e8a40abbaf327962e.jpg","height":512,"width":512,"date_captured":"2024-08-15T05:34:32+00:00"},{"id":43,"license":1,"file_name":"DM014_F_png.rf.68f0f12f7478517f13c6f8c0f69d04f4.jpg","height":512,"width":512,"date_captured":"2024-08-15T05:34:32+00:00"},{"id":44,"license":1,"file_name":"DM067_F_png.rf.93be68e60882a6395e34b33d7079542a.jpg","height":512,"width":512,"date_captured":"2024-08-15T05:34:32+00:00"},{"id":45,"license":1,"file_name":"DM019_F_png.rf.bb710ab4fc72fd9e36d0fd15337d347c.jpg","height":512,"width":512,"date_captured":"2024-08-15T05:34:32+00:00"},{"id":46,"license":1,"file_name":"DM004_M_png.rf.bad1336f53bae9c7fc546e32146ccffa.jpg","height":512,"width":512,"date_captured":"2024-08-15T05:34:32+00:00"},{"id":47,"license":1,"file_name":"DM037_F_png.rf.b361709aec7d0426f248b9c8ce906bad.jpg","height":512,"width":512,"date_captured":"2024-08-15T05:34:32+00:00"},{"id":48,"license":1,"file_name":"DM104_F_png.rf.b39eb3e73c1ac94b565841e30dbeacaa.jpg","height":512,"width":512,"date_captured":"2024-08-15T05:34:32+00:00"},{"id":49,"license":1,"file_name":"DM048_F_png.rf.bb048746368d60bdafcd40db821af1ad.jpg","height":512,"width":512,"date_captured":"2024-08-15T05:34:32+00:00"},{"id":50,"license":1,"file_name":"CG025_M_png.rf.c1ff64d70d71de215e13a0c3e542bc6d.jpg","height":512,"width":512,"date_captured":"2024-08-15T05:34:32+00:00"},{"id":51,"license":1,"file_name":"CG006_F_png.rf.d73281ea07b4c7c76f5ae5dd7afc1e4d.jpg","height":512,"width":512,"date_captured":"2024-08-15T05:34:32+00:00"},{"id":52,"license":1,"file_name":"CG026_M_png.rf.d8f428e697d34aa29e1174efd7f282bd.jpg","height":512,"width":512,"date_captured":"2024-08-15T05:34:32+00:00"},{"id":53,"license":1,"file_name":"CG009_M_png.rf.dce99006d57a11719dd088fdc1f61067.jpg","height":512,"width":512,"date_captured":"2024-08-15T05:34:32+00:00"},{"id":54,"license":1,"file_name":"DM015_M_png.rf.c65c0b2e8e9f9f80fe981689fe18829a.jpg","height":512,"width":512,"date_captured":"2024-08-15T05:34:32+00:00"},{"id":55,"license":1,"file_name":"DM001_M_png.rf.e06cb511784248f32be0e81541bd1b53.jpg","height":512,"width":512,"date_captured":"2024-08-15T05:34:32+00:00"},{"id":56,"license":1,"file_name":"DM058_F_png.rf.e0d7a31f8c514cda9ff3c9266ee6a513.jpg","height":512,"width":512,"date_captured":"2024-08-15T05:34:32+00:00"},{"id":57,"license":1,"file_name":"DM007_F_png.rf.e308ecc7fccf19bcd3d583679503a4c5.jpg","height":512,"width":512,"date_captured":"2024-08-15T05:34:32+00:00"},{"id":58,"license":1,"file_name":"DM023_F_png.rf.e70e81e5793126e507d3cbd01aa6873f.jpg","height":512,"width":512,"date_captured":"2024-08-15T05:34:32+00:00"},{"id":59,"license":1,"file_name":"DM085_F_png.rf.e517a6769de2d93ca1bd6eb9ac8e6088.jpg","height":512,"width":512,"date_captured":"2024-08-15T05:34:32+00:00"},{"id":60,"license":1,"file_name":"DM080_F_png.rf.ba09fe3be31c4e6a25cb092d302e10bd.jpg","height":512,"width":512,"date_captured":"2024-08-15T05:34:32+00:00"},{"id":61,"license":1,"file_name":"DM046_M_png.rf.d628f0f3ff4fb9aa174572de93c8dd94.jpg","height":512,"width":512,"date_captured":"2024-08-15T05:34:32+00:00"},{"id":62,"license":1,"file_name":"DM070_F_png.rf.feeee96d751e92c2378481ac54698069.jpg","height":512,"width":512,"date_captured":"2024-08-15T05:34:32+00:00"},{"id":63,"license":1,"file_name":"DM073_F_png.rf.d20f6bfd69879067d13becd2ef131d6d.jpg","height":512,"width":512,"date_captured":"2024-08-15T05:34:32+00:00"},{"id":64,"license":1,"file_name":"DM084_F_png.rf.f3bec82281ca1a7c21cba7f37602a308.jpg","height":512,"width":512,"date_captured":"2024-08-15T05:34:32+00:00"},{"id":65,"license":1,"file_name":"DM002_M_png.rf.d4d04f928c268c8dfc568ac06f61121a.jpg","height":512,"width":512,"date_captured":"2024-08-15T05:34:32+00:00"}],"annotations":[{"id":0,"image_id":0,"category_id":1,"bbox":[42,0,429,512],"area":219648,"segmentation":[],"iscrowd":0},{"id":1,"image_id":1,"category_id":2,"bbox":[41,0,430,512],"area":220160,"segmentation":[],"iscrowd":0},{"id":2,"image_id":2,"category_id":1,"bbox":[44,0,424,512],"area":217088,"segmentation":[],"iscrowd":0},{"id":3,"image_id":3,"category_id":5,"bbox":[15,0,482,512],"area":246784,"segmentation":[],"iscrowd":0},{"id":4,"image_id":4,"category_id":2,"bbox":[2,0,508,512],"area":260096,"segmentation":[],"iscrowd":0},{"id":5,"image_id":5,"category_id":5,"bbox":[0,13,512,487],"area":249344,"segmentation":[],"iscrowd":0},{"id":6,"image_id":6,"category_id":5,"bbox":[64,0,384,512],"area":196608,"segmentation":[],"iscrowd":0},{"id":7,"image_id":7,"category_id":6,"bbox":[71,0,370,512],"area":189440,"segmentation":[],"iscrowd":0},{"id":8,"image_id":8,"category_id":3,"bbox":[39,0,435,512],"area":222720,"segmentation":[],"iscrowd":0},{"id":9,"image_id":9,"category_id":4,"bbox":[2,0,508,512],"area":260096,"segmentation":[],"iscrowd":0},{"id":10,"image_id":10,"category_id":2,"bbox":[32,0,449,512],"area":229888,"segmentation":[],"iscrowd":0},{"id":11,"image_id":11,"category_id":4,"bbox":[20,0,473,512],"area":242176,"segmentation":[],"iscrowd":0},{"id":12,"image_id":12,"category_id":6,"bbox":[8,0,496,512],"area":253952,"segmentation":[],"iscrowd":0},{"id":13,"image_id":13,"category_id":2,"bbox":[33,0,446,512],"area":228352,"segmentation":[],"iscrowd":0},{"id":14,"image_id":14,"category_id":1,"bbox":[41,0,430,512],"area":220160,"segmentation":[],"iscrowd":0},{"id":15,"image_id":15,"category_id":1,"bbox":[0,4,512,504],"area":258048,"segmentation":[],"iscrowd":0},{"id":16,"image_id":16,"category_id":6,"bbox":[64,0,384,512],"area":196608,"segmentation":[],"iscrowd":0},{"id":17,"image_id":17,"category_id":6,"bbox":[29,0,454,512],"area":232448,"segmentation":[],"iscrowd":0},{"id":18,"image_id":18,"category_id":5,"bbox":[60,0,393,512],"area":201216,"segmentation":[],"iscrowd":0},{"id":19,"image_id":19,"category_id":1,"bbox":[44,0,424,512],"area":217088,"segmentation":[],"iscrowd":0},{"id":20,"image_id":20,"category_id":2,"bbox":[19,0,475,512],"area":243200,"segmentation":[],"iscrowd":0},{"id":21,"image_id":21,"category_id":2,"bbox":[51,0,411,512],"area":210432,"segmentation":[],"iscrowd":0},{"id":22,"image_id":22,"category_id":5,"bbox":[6,0,500,512],"area":256000,"segmentation":[],"iscrowd":0},{"id":23,"image_id":23,"category_id":4,"bbox":[47,0,419,512],"area":214528,"segmentation":[],"iscrowd":0},{"id":24,"image_id":24,"category_id":2,"bbox":[76,0,361,512],"area":184832,"segmentation":[],"iscrowd":0},{"id":25,"image_id":25,"category_id":4,"bbox":[70,0,373,512],"area":190976,"segmentation":[],"iscrowd":0},{"id":26,"image_id":26,"category_id":6,"bbox":[17,0,478,512],"area":244736,"segmentation":[],"iscrowd":0},{"id":27,"image_id":27,"category_id":3,"bbox":[6,0,500,512],"area":256000,"segmentation":[],"iscrowd":0},{"id":28,"image_id":28,"category_id":4,"bbox":[49,0,414,512],"area":211968,"segmentation":[],"iscrowd":0},{"id":29,"image_id":29,"category_id":2,"bbox":[29,0,455,512],"area":232960,"segmentation":[],"iscrowd":0},{"id":30,"image_id":30,"category_id":4,"bbox":[47,0,419,512],"area":214528,"segmentation":[],"iscrowd":0},{"id":31,"image_id":31,"category_id":1,"bbox":[39,0,434,512],"area":222208,"segmentation":[],"iscrowd":0},{"id":32,"image_id":32,"category_id":3,"bbox":[0,16,512,481],"area":246272,"segmentation":[],"iscrowd":0},{"id":33,"image_id":33,"category_id":3,"bbox":[67,0,379,512],"area":194048,"segmentation":[],"iscrowd":0},{"id":34,"image_id":34,"category_id":3,"bbox":[40,0,432,512],"area":221184,"segmentation":[],"iscrowd":0},{"id":35,"image_id":35,"category_id":6,"bbox":[0,7,512,499],"area":255488,"segmentation":[],"iscrowd":0},{"id":36,"image_id":36,"category_id":1,"bbox":[18,0,476,512],"area":243712,"segmentation":[],"iscrowd":0},{"id":37,"image_id":37,"category_id":4,"bbox":[24,0,464,512],"area":237568,"segmentation":[],"iscrowd":0},{"id":38,"image_id":38,"category_id":5,"bbox":[55,0,402,512],"area":205824,"segmentation":[],"iscrowd":0},{"id":39,"image_id":39,"category_id":6,"bbox":[42,0,429,512],"area":219648,"segmentation":[],"iscrowd":0},{"id":40,"image_id":40,"category_id":1,"bbox":[2,0,508,512],"area":260096,"segmentation":[],"iscrowd":0},{"id":41,"image_id":41,"category_id":4,"bbox":[65,0,382,512],"area":195584,"segmentation":[],"iscrowd":0},{"id":42,"image_id":42,"category_id":4,"bbox":[44,0,424,512],"area":217088,"segmentation":[],"iscrowd":0},{"id":43,"image_id":43,"category_id":5,"bbox":[16,0,481,512],"area":246272,"segmentation":[],"iscrowd":0},{"id":44,"image_id":44,"category_id":2,"bbox":[32,0,448,512],"area":229376,"segmentation":[],"iscrowd":0},{"id":45,"image_id":45,"category_id":5,"bbox":[0,26,512,461],"area":236032,"segmentation":[],"iscrowd":0},{"id":46,"image_id":46,"category_id":5,"bbox":[16,0,480,512],"area":245760,"segmentation":[],"iscrowd":0},{"id":47,"image_id":47,"category_id":1,"bbox":[0,0,512,512],"area":262144,"segmentation":[],"iscrowd":0},{"id":48,"image_id":48,"category_id":3,"bbox":[7,0,498,512],"area":254976,"segmentation":[],"iscrowd":0},{"id":49,"image_id":49,"category_id":4,"bbox":[49,0,414,512],"area":211968,"segmentation":[],"iscrowd":0},{"id":50,"image_id":50,"category_id":6,"bbox":[56,0,400,512],"area":204800,"segmentation":[],"iscrowd":0},{"id":51,"image_id":51,"category_id":6,"bbox":[52,0,409,512],"area":209408,"segmentation":[],"iscrowd":0},{"id":52,"image_id":52,"category_id":6,"bbox":[74,0,365,512],"area":186880,"segmentation":[],"iscrowd":0},{"id":53,"image_id":53,"category_id":6,"bbox":[66,0,381,512],"area":195072,"segmentation":[],"iscrowd":0},{"id":54,"image_id":54,"category_id":5,"bbox":[0,22,512,468],"area":239616,"segmentation":[],"iscrowd":0},{"id":55,"image_id":55,"category_id":5,"bbox":[61,0,390,512],"area":199680,"segmentation":[],"iscrowd":0},{"id":56,"image_id":56,"category_id":1,"bbox":[0,13,512,487],"area":249344,"segmentation":[],"iscrowd":0},{"id":57,"image_id":57,"category_id":2,"bbox":[29,0,455,512],"area":232960,"segmentation":[],"iscrowd":0},{"id":58,"image_id":58,"category_id":3,"bbox":[42,0,428,512],"area":219136,"segmentation":[],"iscrowd":0},{"id":59,"image_id":59,"category_id":3,"bbox":[39,0,435,512],"area":222720,"segmentation":[],"iscrowd":0},{"id":60,"image_id":60,"category_id":2,"bbox":[32,0,448,512],"area":229376,"segmentation":[],"iscrowd":0},{"id":61,"image_id":61,"category_id":4,"bbox":[43,0,426,512],"area":218112,"segmentation":[],"iscrowd":0},{"id":62,"image_id":62,"category_id":3,"bbox":[58,0,397,512],"area":203264,"segmentation":[],"iscrowd":0},{"id":63,"image_id":63,"category_id":3,"bbox":[22,0,468,512],"area":239616,"segmentation":[],"iscrowd":0},{"id":64,"image_id":64,"category_id":3,"bbox":[16,0,480,512],"area":245760,"segmentation":[],"iscrowd":0},{"id":65,"image_id":65,"category_id":1,"bbox":[50,0,413,512],"area":211456,"segmentation":[],"iscrowd":0}]}