{"info":{"year":"2024","version":"2","description":"Exported from roboflow.com","contributor":"","url":"https://public.roboflow.com/object-detection/undefined","date_created":"2024-10-20T10:17:57+00:00"},"licenses":[{"id":1,"url":"https://creativecommons.org/licenses/by/4.0/","name":"CC BY 4.0"}],"categories":[{"id":0,"name":"Healthy-Diabetes-EK2x","supercategory":"none"},{"id":1,"name":"Diabetes","supercategory":"Healthy-Diabetes-EK2x"},{"id":2,"name":"Healthy","supercategory":"Healthy-Diabetes-EK2x"}],"images":[{"id":0,"license":1,"file_name":"DM118_M_png.rf.0dd7ce79ab530541c14f82280f78553d.jpg","height":512,"width":512,"date_captured":"2024-10-20T10:17:57+00:00"},{"id":1,"license":1,"file_name":"CG041_F_png.rf.076760b38872d48e82fdffcaedc4addd.jpg","height":512,"width":512,"date_captured":"2024-10-20T10:17:57+00:00"},{"id":2,"license":1,"file_name":"CG013_M_png.rf.1316ffccda7d92386f9659360e7cc696.jpg","height":512,"width":512,"date_captured":"2024-10-20T10:17:57+00:00"},{"id":3,"license":1,"file_name":"DM119_F_png.rf.112a5fce93b42d96ac22b96cf1982c38.jpg","height":512,"width":512,"date_captured":"2024-10-20T10:17:57+00:00"},{"id":4,"license":1,"file_name":"DM040_F_png.rf.129ea51bcab2249aa834499925008814.jpg","height":512,"width":512,"date_captured":"2024-10-20T10:17:57+00:00"},{"id":5,"license":1,"file_name":"CG030_M_png.rf.50491b8f9d90aa31b9fe0ff9e0aafc00.jpg","height":512,"width":512,"date_captured":"2024-10-20T10:17:57+00:00"},{"id":6,"license":1,"file_name":"CG037_M_png.rf.24c179eb60f3cb60a9b3fdbf3d998c92.jpg","height":512,"width":512,"date_captured":"2024-10-20T10:17:57+00:00"},{"id":7,"license":1,"file_name":"DM012_F_png.rf.18c5b9d5e8bd2abc95fdbc774d9028e6.jpg","height":512,"width":512,"date_captured":"2024-10-20T10:17:57+00:00"},{"id":8,"license":1,"file_name":"DM089_F_png.rf.046615219eddd5fb5be43e21ab6235e7.jpg","height":512,"width":512,"date_captured":"2024-10-20T10:17:57+00:00"},{"id":9,"license":1,"file_name":"DM082_F_png.rf.2d22877964ef50ee4970778819ca5045.jpg","height":512,"width":512,"date_captured":"2024-10-20T10:17:57+00:00"},{"id":10,"license":1,"file_name":"CG023_F_png.rf.3af8f87e6f822f04418814756d337f78.jpg","height":512,"width":512,"date_captured":"2024-10-20T10:17:57+00:00"},{"id":11,"license":1,"file_name":"CG026_M_png.rf.17cd27ba46802d0ee334cde3e8c4175d.jpg","height":512,"width":512,"date_captured":"2024-10-20T10:17:57+00:00"},{"id":12,"license":1,"file_name":"CG002_M_png.rf.319829698991e238f53cd45bf5570dd5.jpg","height":512,"width":512,"date_captured":"2024-10-20T10:17:57+00:00"},{"id":13,"license":1,"file_name":"DM001_M_png.rf.1d138c48f43abab48f69376c218b4a4c.jpg","height":512,"width":512,"date_captured":"2024-10-20T10:17:57+00:00"},{"id":14,"license":1,"file_name":"DM063_F_png.rf.063bc343f728e1a9098f7fef5e00633f.jpg","height":512,"width":512,"date_captured":"2024-10-20T10:17:57+00:00"},{"id":15,"license":1,"file_name":"CG024_F_png.rf.0634ada48fe3a49e6c05dc3a8c1f2307.jpg","height":512,"width":512,"date_captured":"2024-10-20T10:17:57+00:00"},{"id":16,"license":1,"file_name":"DM006_F_png.rf.4daef8bb8ec8bca5e3ccfe81bb09bcd7.jpg","height":512,"width":512,"date_captured":"2024-10-20T10:17:57+00:00"},{"id":17,"license":1,"file_name":"DM109_F_png.rf.4f79f53a72fd857b897cb553fa4f1ba9.jpg","height":512,"width":512,"date_captured":"2024-10-20T10:17:57+00:00"},{"id":18,"license":1,"file_name":"CG031_M_png.rf.4b336533d2cda9b491ec7b7dfc5c71b4.jpg","height":512,"width":512,"date_captured":"2024-10-20T10:17:57+00:00"},{"id":19,"license":1,"file_name":"CG011_F_png.rf.1bd1d6e836c693ffdbc82fa62900bfcb.jpg","height":512,"width":512,"date_captured":"2024-10-20T10:17:57+00:00"},{"id":20,"license":1,"file_name":"CG034_M_png.rf.25b674c1c07074707c2d0c362ec8905b.jpg","height":512,"width":512,"date_captured":"2024-10-20T10:17:57+00:00"},{"id":21,"license":1,"file_name":"CG003_M_png.rf.05fb4212f42caf13536da65ca713ce27.jpg","height":512,"width":512,"date_captured":"2024-10-20T10:17:57+00:00"},{"id":22,"license":1,"file_name":"DM092_F_png.rf.403638fe8481837cf4402a6b50f94155.jpg","height":512,"width":512,"date_captured":"2024-10-20T10:17:57+00:00"},{"id":23,"license":1,"file_name":"CG035_M_png.rf.19706ca8f22ef0b91fa77f85fb76e0b7.jpg","height":512,"width":512,"date_captured":"2024-10-20T10:17:57+00:00"},{"id":24,"license":1,"file_name":"DM093_F_png.rf.1c4d0da7c71751a8d6455f341d7af80d.jpg","height":512,"width":512,"date_captured":"2024-10-20T10:17:57+00:00"},{"id":25,"license":1,"file_name":"CG039_M_png.rf.5529ad855f1109e6f3c67a82120d4786.jpg","height":512,"width":512,"date_captured":"2024-10-20T10:17:57+00:00"},{"id":26,"license":1,"file_name":"DM116_F_png.rf.674eb2bd7c934b62b2d2af940430bfb7.jpg","height":512,"width":512,"date_captured":"2024-10-20T10:17:57+00:00"},{"id":27,"license":1,"file_name":"CG004_F_png.rf.7abe326f0850d379e370cb9c4d06443b.jpg","height":512,"width":512,"date_captured":"2024-10-20T10:17:57+00:00"},{"id":28,"license":1,"file_name":"CG008_F_png.rf.5c633304ade20129e4d98a2a2da79fcd.jpg","height":512,"width":512,"date_captured":"2024-10-20T10:17:57+00:00"},{"id":29,"license":1,"file_name":"CG010_M_png.rf.7a55d07b38f4b2e30e674816f59b0236.jpg","height":512,"width":512,"date_captured":"2024-10-20T10:17:57+00:00"},{"id":30,"license":1,"file_name":"CG043_M_png.rf.d61992836dd9d6531bf109cfe97a195c.jpg","height":512,"width":512,"date_captured":"2024-10-20T10:17:57+00:00"},{"id":31,"license":1,"file_name":"DM065_F_png.rf.89813ef0189a1508766f77d0e80c758a.jpg","height":512,"width":512,"date_captured":"2024-10-20T10:17:57+00:00"},{"id":32,"license":1,"file_name":"DM097_F_png.rf.76412ab9d6df38d4a76d5d9b3fad1cb3.jpg","height":512,"width":512,"date_captured":"2024-10-20T10:17:57+00:00"},{"id":33,"license":1,"file_name":"DM014_F_png.rf.912bdaf92c8702e243607107f2626343.jpg","height":512,"width":512,"date_captured":"2024-10-20T10:17:57+00:00"},{"id":34,"license":1,"file_name":"DM088_M_png.rf.9938af2812f9d5eff8097c269a3962ea.jpg","height":512,"width":512,"date_captured":"2024-10-20T10:17:57+00:00"},{"id":35,"license":1,"file_name":"DM039_M_png.rf.b7f42a1c0e410f741e66ddda3cce671f.jpg","height":512,"width":512,"date_captured":"2024-10-20T10:17:57+00:00"},{"id":36,"license":1,"file_name":"DM091_M_png.rf.a740362a81e35a5fcff05ba6552d22d8.jpg","height":512,"width":512,"date_captured":"2024-10-20T10:17:57+00:00"},{"id":37,"license":1,"file_name":"DM032_M_png.rf.a9c48e3ae7471ed3095a4f4c0177dce9.jpg","height":512,"width":512,"date_captured":"2024-10-20T10:17:57+00:00"},{"id":38,"license":1,"file_name":"DM121_F_png.rf.5c0a344df4ccef2e9e05afaa91a67f4f.jpg","height":512,"width":512,"date_captured":"2024-10-20T10:17:57+00:00"},{"id":39,"license":1,"file_name":"CG021_M_png.rf.865fe03ec7575218cf369685b4706c38.jpg","height":512,"width":512,"date_captured":"2024-10-20T10:17:57+00:00"},{"id":40,"license":1,"file_name":"CG007_F_png.rf.7d00f34e418db32aec8a2d9020ea8574.jpg","height":512,"width":512,"date_captured":"2024-10-20T10:17:57+00:00"},{"id":41,"license":1,"file_name":"DM047_F_png.rf.d84cc2c602aa8b497e6a2b8d71dddc1d.jpg","height":512,"width":512,"date_captured":"2024-10-20T10:17:57+00:00"},{"id":42,"license":1,"file_name":"DM011_F_png.rf.a46ccd08db6f984a242042b692d62a70.jpg","height":512,"width":512,"date_captured":"2024-10-20T10:17:57+00:00"},{"id":43,"license":1,"file_name":"CG018_M_png.rf.aa3612b9030455ede1a1235e1f5d3686.jpg","height":512,"width":512,"date_captured":"2024-10-20T10:17:57+00:00"},{"id":44,"license":1,"file_name":"DM034_F_png.rf.a0b2fab96233ffd278499cbf71498b2b.jpg","height":512,"width":512,"date_captured":"2024-10-20T10:17:57+00:00"},{"id":45,"license":1,"file_name":"CG036_M_png.rf.c90e4966de07f7ce4b80bdab20a8a36c.jpg","height":512,"width":512,"date_captured":"2024-10-20T10:17:57+00:00"},{"id":46,"license":1,"file_name":"CG014_M_png.rf.c9378a858506d6d2d67888a08a7273a3.jpg","height":512,"width":512,"date_captured":"2024-10-20T10:17:57+00:00"},{"id":47,"license":1,"file_name":"CG033_M_png.rf.da1642accc2c63e54c42ec05ff4b0c18.jpg","height":512,"width":512,"date_captured":"2024-10-20T10:17:57+00:00"},{"id":48,"license":1,"file_name":"CG009_M_png.rf.e289d40f9c7a34af021f238a1a4abf99.jpg","height":512,"width":512,"date_captured":"2024-10-20T10:17:57+00:00"},{"id":49,"license":1,"file_name":"CG016_M_png.rf.eb94173f21e139aefc26ea1ccf809325.jpg","height":512,"width":512,"date_captured":"2024-10-20T10:17:57+00:00"},{"id":50,"license":1,"file_name":"DM059_F_png.rf.ead4f797b9bcaf5c9ad2c9ab7d5a93b4.jpg","height":512,"width":512,"date_captured":"2024-10-20T10:17:57+00:00"},{"id":51,"license":1,"file_name":"CG027_M_png.rf.b838100d4e1ef2765afd2ed1fa723760.jpg","height":512,"width":512,"date_captured":"2024-10-20T10:17:57+00:00"},{"id":52,"license":1,"file_name":"DM016_F_png.rf.f26cd7fb9264fe072d9492a9b93078d1.jpg","height":512,"width":512,"date_captured":"2024-10-20T10:17:57+00:00"},{"id":53,"license":1,"file_name":"DM019_F_png.rf.ddff7c62d54d61867e1e2fc2aaf99f15.jpg","height":512,"width":512,"date_captured":"2024-10-20T10:17:57+00:00"},{"id":54,"license":1,"file_name":"DM068_F_png.rf.f8cd65fc1488a0a2226e16109ed53e4f.jpg","height":512,"width":512,"date_captured":"2024-10-20T10:17:57+00:00"},{"id":55,"license":1,"file_name":"CG042_F_png.rf.ec3bff2e6f57521873ef40aa1258e407.jpg","height":512,"width":512,"date_captured":"2024-10-20T10:17:57+00:00"},{"id":56,"license":1,"file_name":"CG020_F_png.rf.a64d51dd9c4877d8f6b2d4e59433f7c8.jpg","height":512,"width":512,"date_captured":"2024-10-20T10:17:57+00:00"},{"id":57,"license":1,"file_name":"CG032_M_png.rf.ec582e997473bc6df9185e49100590e2.jpg","height":512,"width":512,"date_captured":"2024-10-20T10:17:57+00:00"},{"id":58,"license":1,"file_name":"DM031_F_png.rf.f6b6f661d91ed8d3224ca5c437c0356f.jpg","height":512,"width":512,"date_captured":"2024-10-20T10:17:57+00:00"},{"id":59,"license":1,"file_name":"CG015_M_png.rf.fba2389e56ae0802b6002e3177a750ef.jpg","height":512,"width":512,"date_captured":"2024-10-20T10:17:57+00:00"},{"id":60,"license":1,"file_name":"DM036_M_png.rf.f95be0a2041bf6af59185dae76123a5e.jpg","height":512,"width":512,"date_captured":"2024-10-20T10:17:57+00:00"},{"id":61,"license":1,"file_name":"DM120_F_png.rf.f5fa75b5f3a17fc3ed055f21559d60fc.jpg","height":512,"width":512,"date_captured":"2024-10-20T10:17:57+00:00"}],"annotations":[{"id":0,"image_id":0,"category_id":1,"bbox":[49,0,414,512],"area":211968,"segmentation":[],"iscrowd":0},{"id":1,"image_id":1,"category_id":2,"bbox":[226,241,239,271],"area":64769,"segmentation":[],"iscrowd":0},{"id":2,"image_id":2,"category_id":2,"bbox":[80,0,353,512],"area":180736,"segmentation":[],"iscrowd":0},{"id":3,"image_id":3,"category_id":1,"bbox":[59,0,394,512],"area":201728,"segmentation":[],"iscrowd":0},{"id":4,"image_id":4,"category_id":1,"bbox":[18,0,477,512],"area":244224,"segmentation":[],"iscrowd":0},{"id":5,"image_id":5,"category_id":2,"bbox":[21,0,471,512],"area":241152,"segmentation":[],"iscrowd":0},{"id":6,"image_id":6,"category_id":2,"bbox":[31,0,450,512],"area":230400,"segmentation":[],"iscrowd":0},{"id":7,"image_id":7,"category_id":1,"bbox":[46,0,420,512],"area":215040,"segmentation":[],"iscrowd":0},{"id":8,"image_id":8,"category_id":1,"bbox":[11,0,491,512],"area":251392,"segmentation":[],"iscrowd":0},{"id":9,"image_id":9,"category_id":1,"bbox":[49,0,414,512],"area":211968,"segmentation":[],"iscrowd":0},{"id":10,"image_id":10,"category_id":2,"bbox":[8,0,496,512],"area":253952,"segmentation":[],"iscrowd":0},{"id":11,"image_id":11,"category_id":2,"bbox":[74,0,365,512],"area":186880,"segmentation":[],"iscrowd":0},{"id":12,"image_id":12,"category_id":2,"bbox":[59,1,394,509],"area":200546,"segmentation":[],"iscrowd":0},{"id":13,"image_id":13,"category_id":1,"bbox":[61,0,390,512],"area":199680,"segmentation":[],"iscrowd":0},{"id":14,"image_id":14,"category_id":1,"bbox":[24,0,465,512],"area":238080,"segmentation":[],"iscrowd":0},{"id":15,"image_id":15,"category_id":2,"bbox":[0,7,512,499],"area":255488,"segmentation":[],"iscrowd":0},{"id":16,"image_id":16,"category_id":1,"bbox":[30,0,453,512],"area":231936,"segmentation":[],"iscrowd":0},{"id":17,"image_id":17,"category_id":1,"bbox":[49,0,415,512],"area":212480,"segmentation":[],"iscrowd":0},{"id":18,"image_id":18,"category_id":2,"bbox":[35,0,442,512],"area":226304,"segmentation":[],"iscrowd":0},{"id":19,"image_id":19,"category_id":2,"bbox":[35,0,442,512],"area":226304,"segmentation":[],"iscrowd":0},{"id":20,"image_id":20,"category_id":2,"bbox":[61,0,390,512],"area":199680,"segmentation":[],"iscrowd":0},{"id":21,"image_id":21,"category_id":2,"bbox":[72,1,369,511],"area":188559,"segmentation":[],"iscrowd":0},{"id":22,"image_id":22,"category_id":1,"bbox":[29,0,454,512],"area":232448,"segmentation":[],"iscrowd":0},{"id":23,"image_id":23,"category_id":2,"bbox":[38,0,436,512],"area":223232,"segmentation":[],"iscrowd":0},{"id":24,"image_id":24,"category_id":1,"bbox":[26,0,460,512],"area":235520,"segmentation":[],"iscrowd":0},{"id":25,"image_id":25,"category_id":2,"bbox":[63,0,386,512],"area":197632,"segmentation":[],"iscrowd":0},{"id":26,"image_id":26,"category_id":1,"bbox":[75,0,363,512],"area":185856,"segmentation":[],"iscrowd":0},{"id":27,"image_id":27,"category_id":2,"bbox":[17,0,478,512],"area":244736,"segmentation":[],"iscrowd":0},{"id":28,"image_id":28,"category_id":2,"bbox":[70,0,373,512],"area":190976,"segmentation":[],"iscrowd":0},{"id":29,"image_id":29,"category_id":2,"bbox":[71,0,370,512],"area":189440,"segmentation":[],"iscrowd":0},{"id":30,"image_id":30,"category_id":2,"bbox":[37,0,438,512],"area":224256,"segmentation":[],"iscrowd":0},{"id":31,"image_id":31,"category_id":1,"bbox":[43,0,427,512],"area":218624,"segmentation":[],"iscrowd":0},{"id":32,"image_id":32,"category_id":1,"bbox":[32,0,449,512],"area":229888,"segmentation":[],"iscrowd":0},{"id":33,"image_id":33,"category_id":1,"bbox":[16,0,481,512],"area":246272,"segmentation":[],"iscrowd":0},{"id":34,"image_id":34,"category_id":1,"bbox":[54,0,405,512],"area":207360,"segmentation":[],"iscrowd":0},{"id":35,"image_id":35,"category_id":1,"bbox":[43,0,427,512],"area":218624,"segmentation":[],"iscrowd":0},{"id":36,"image_id":36,"category_id":1,"bbox":[58,0,397,512],"area":203264,"segmentation":[],"iscrowd":0},{"id":37,"image_id":37,"category_id":1,"bbox":[64,0,384,512],"area":196608,"segmentation":[],"iscrowd":0},{"id":38,"image_id":38,"category_id":1,"bbox":[42,0,428,512],"area":219136,"segmentation":[],"iscrowd":0},{"id":39,"image_id":39,"category_id":2,"bbox":[49,0,414,512],"area":211968,"segmentation":[],"iscrowd":0},{"id":40,"image_id":40,"category_id":2,"bbox":[51,0,411,512],"area":210432,"segmentation":[],"iscrowd":0},{"id":41,"image_id":41,"category_id":1,"bbox":[26,0,461,512],"area":236032,"segmentation":[],"iscrowd":0},{"id":42,"image_id":42,"category_id":1,"bbox":[0,13,512,487],"area":249344,"segmentation":[],"iscrowd":0},{"id":43,"image_id":43,"category_id":2,"bbox":[64,0,384,512],"area":196608,"segmentation":[],"iscrowd":0},{"id":44,"image_id":44,"category_id":1,"bbox":[49,0,414,512],"area":211968,"segmentation":[],"iscrowd":0},{"id":45,"image_id":45,"category_id":2,"bbox":[63,0,387,512],"area":198144,"segmentation":[],"iscrowd":0},{"id":46,"image_id":46,"category_id":2,"bbox":[50,0,413,512],"area":211456,"segmentation":[],"iscrowd":0},{"id":47,"image_id":47,"category_id":2,"bbox":[56,0,400,512],"area":204800,"segmentation":[],"iscrowd":0},{"id":48,"image_id":48,"category_id":2,"bbox":[66,0,381,512],"area":195072,"segmentation":[],"iscrowd":0},{"id":49,"image_id":49,"category_id":2,"bbox":[42,0,429,512],"area":219648,"segmentation":[],"iscrowd":0},{"id":50,"image_id":50,"category_id":1,"bbox":[43,0,427,512],"area":218624,"segmentation":[],"iscrowd":0},{"id":51,"image_id":51,"category_id":2,"bbox":[48,0,416,512],"area":212992,"segmentation":[],"iscrowd":0},{"id":52,"image_id":52,"category_id":1,"bbox":[6,0,500,512],"area":256000,"segmentation":[],"iscrowd":0},{"id":53,"image_id":53,"category_id":1,"bbox":[0,26,512,461],"area":236032,"segmentation":[],"iscrowd":0},{"id":54,"image_id":54,"category_id":1,"bbox":[20,0,473,512],"area":242176,"segmentation":[],"iscrowd":0},{"id":55,"image_id":55,"category_id":2,"bbox":[41,0,430,512],"area":220160,"segmentation":[],"iscrowd":0},{"id":56,"image_id":56,"category_id":2,"bbox":[62,0,389,512],"area":199168,"segmentation":[],"iscrowd":0},{"id":57,"image_id":57,"category_id":2,"bbox":[44,0,425,512],"area":217600,"segmentation":[],"iscrowd":0},{"id":58,"image_id":58,"category_id":1,"bbox":[20,0,473,512],"area":242176,"segmentation":[],"iscrowd":0},{"id":59,"image_id":59,"category_id":2,"bbox":[33,0,446,512],"area":228352,"segmentation":[],"iscrowd":0},{"id":60,"image_id":60,"category_id":1,"bbox":[60,0,393,512],"area":201216,"segmentation":[],"iscrowd":0},{"id":61,"image_id":61,"category_id":1,"bbox":[13,0,487,512],"area":249344,"segmentation":[],"iscrowd":0}]}