{"info":{"year":"2024","version":"1","description":"Exported from roboflow.com","contributor":"","url":"https://public.roboflow.com/object-detection/undefined","date_created":"2024-07-18T12:45:36+00:00"},"licenses":[{"id":1,"url":"https://creativecommons.org/licenses/by/4.0/","name":"CC BY 4.0"}],"categories":[{"id":0,"name":"Sehat-DMT2","supercategory":"none"},{"id":1,"name":"DMT2","supercategory":"Sehat-DMT2"},{"id":2,"name":"Sehat","supercategory":"Sehat-DMT2"}],"images":[{"id":0,"license":1,"file_name":"CG023_F_R_png.rf.3ab91c3781fa9e271a1ae5985fbef27d.jpg","height":512,"width":512,"date_captured":"2024-07-18T12:45:36+00:00"},{"id":1,"license":1,"file_name":"DM028_M_R_png.rf.1041bb04c1cb2d3d4d00ec306b8e354c.jpg","height":512,"width":512,"date_captured":"2024-07-18T12:45:36+00:00"},{"id":2,"license":1,"file_name":"DM036_M_R_png.rf.25fd842e67e95e4bf3cae92a6f4bac1d.jpg","height":512,"width":512,"date_captured":"2024-07-18T12:45:36+00:00"},{"id":3,"license":1,"file_name":"DM031_F_L_png.rf.3a6933091db012b9327fb8c82ee1781d.jpg","height":512,"width":512,"date_captured":"2024-07-18T12:45:36+00:00"},{"id":4,"license":1,"file_name":"DM034_F_L_png.rf.0bc5c325fc687e36782e14d065409cb4.jpg","height":512,"width":512,"date_captured":"2024-07-18T12:45:36+00:00"},{"id":5,"license":1,"file_name":"CG020_F_R_png.rf.00c8d73599003cbbc203579e6074b967.jpg","height":512,"width":512,"date_captured":"2024-07-18T12:45:36+00:00"},{"id":6,"license":1,"file_name":"DM041_M_R_png.rf.3681a0ad795cd85ccdaf260e64677348.jpg","height":512,"width":512,"date_captured":"2024-07-18T12:45:36+00:00"},{"id":7,"license":1,"file_name":"CG019_F_R_png.rf.055ad3d8987bbe625b54264cc5a167bb.jpg","height":512,"width":512,"date_captured":"2024-07-18T12:45:36+00:00"},{"id":8,"license":1,"file_name":"CG024_F_R_png.rf.321663d335a744b5216490453b887934.jpg","height":512,"width":512,"date_captured":"2024-07-18T12:45:36+00:00"},{"id":9,"license":1,"file_name":"CG013_M_L_png.rf.0f706110ab3943debe2d26584737d139.jpg","height":512,"width":512,"date_captured":"2024-07-18T12:45:36+00:00"},{"id":10,"license":1,"file_name":"DM044_F_R_png.rf.19eb49ec18e5363d55eed6b5066024ea.jpg","height":512,"width":512,"date_captured":"2024-07-18T12:45:36+00:00"},{"id":11,"license":1,"file_name":"DM025_M_R_png.rf.26e045aa23b955b7cbff13877aa1db5f.jpg","height":512,"width":512,"date_captured":"2024-07-18T12:45:36+00:00"},{"id":12,"license":1,"file_name":"DM040_F_R_png.rf.196f53db86949c019d6e0025df3c3b67.jpg","height":512,"width":512,"date_captured":"2024-07-18T12:45:36+00:00"},{"id":13,"license":1,"file_name":"DM023_F_R_png.rf.19d511f39305281004262461a5070b7b.jpg","height":512,"width":512,"date_captured":"2024-07-18T12:45:36+00:00"},{"id":14,"license":1,"file_name":"DM030_F_L_png.rf.4f75f363ac78bd30708d8a1deba2e97c.jpg","height":512,"width":512,"date_captured":"2024-07-18T12:45:36+00:00"},{"id":15,"license":1,"file_name":"CG008_F_L_png.rf.169523de710f5d837b1f8d55c73902e1.jpg","height":512,"width":512,"date_captured":"2024-07-18T12:45:36+00:00"},{"id":16,"license":1,"file_name":"DM025_M_L_png.rf.242838ca0369113a5b72f975a9682010.jpg","height":512,"width":512,"date_captured":"2024-07-18T12:45:36+00:00"},{"id":17,"license":1,"file_name":"CG009_M_L_png.rf.5127a8b6da6c930bf9870c4c0d9821dd.jpg","height":512,"width":512,"date_captured":"2024-07-18T12:45:36+00:00"},{"id":18,"license":1,"file_name":"DM029_F_R_png.rf.10bf1bc6b6f92ba8fe8e1b9e59fec96a.jpg","height":512,"width":512,"date_captured":"2024-07-18T12:45:36+00:00"},{"id":19,"license":1,"file_name":"DM027_M_R_png.rf.53143b851ccec7c529cd620807130609.jpg","height":512,"width":512,"date_captured":"2024-07-18T12:45:36+00:00"},{"id":20,"license":1,"file_name":"CG021_M_L_png.rf.5a93221976091e21b7525f9b01ac87ea.jpg","height":512,"width":512,"date_captured":"2024-07-18T12:45:36+00:00"},{"id":21,"license":1,"file_name":"CG002_M_L_png.rf.50c799975a9b2dd3f43679eae805e8c9.jpg","height":512,"width":512,"date_captured":"2024-07-18T12:45:36+00:00"},{"id":22,"license":1,"file_name":"DM024_M_L_png.rf.62c92e0ceaf86ba4ca7b970cda83bd37.jpg","height":512,"width":512,"date_captured":"2024-07-18T12:45:36+00:00"},{"id":23,"license":1,"file_name":"CG018_M_L_png.rf.778a972d02c53aad8478077c9726f6e3.jpg","height":512,"width":512,"date_captured":"2024-07-18T12:45:36+00:00"},{"id":24,"license":1,"file_name":"CG009_M_R_png.rf.6bf293bc16d26e6f4e09c09f4d2b56a6.jpg","height":512,"width":512,"date_captured":"2024-07-18T12:45:36+00:00"},{"id":25,"license":1,"file_name":"DM001_M_R_png.rf.869db4415eedf900f9d59df0be30ff50.jpg","height":512,"width":512,"date_captured":"2024-07-18T12:45:36+00:00"},{"id":26,"license":1,"file_name":"DM032_M_L_png.rf.5de8e9285ba46333f28d0246ea395124.jpg","height":512,"width":512,"date_captured":"2024-07-18T12:45:36+00:00"},{"id":27,"license":1,"file_name":"DM024_M_R_png.rf.0c5364f90a67ccf901d4e505a4a3e700.jpg","height":512,"width":512,"date_captured":"2024-07-18T12:45:36+00:00"},{"id":28,"license":1,"file_name":"DM049_F_L_png.rf.25769483fcf1e3dca6dcb3d00e881f34.jpg","height":512,"width":512,"date_captured":"2024-07-18T12:45:36+00:00"},{"id":29,"license":1,"file_name":"CG017_F_L_png.rf.200a400a7ac7c03b7011c6db504a722c.jpg","height":512,"width":512,"date_captured":"2024-07-18T12:45:36+00:00"},{"id":30,"license":1,"file_name":"DM039_M_R_png.rf.683ca97d519a971a414826e96fd88b05.jpg","height":512,"width":512,"date_captured":"2024-07-18T12:45:36+00:00"},{"id":31,"license":1,"file_name":"CG013_M_R_png.rf.7d4db40109a9a502680e192a9f964c65.jpg","height":512,"width":512,"date_captured":"2024-07-18T12:45:36+00:00"},{"id":32,"license":1,"file_name":"CG020_F_L_png.rf.48f18896cb9d2380ae226e91a9951b60.jpg","height":512,"width":512,"date_captured":"2024-07-18T12:45:36+00:00"},{"id":33,"license":1,"file_name":"DM001_M_L_png.rf.7a0e2e2f20f00ba028dadd346163e11b.jpg","height":512,"width":512,"date_captured":"2024-07-18T12:45:36+00:00"},{"id":34,"license":1,"file_name":"DM033_M_L_png.rf.8ead5076b0efda5925a42fc211928060.jpg","height":512,"width":512,"date_captured":"2024-07-18T12:45:36+00:00"},{"id":35,"license":1,"file_name":"CG003_M_L_png.rf.66fb0344eeedf1eff47f6bf5c02ebdd2.jpg","height":512,"width":512,"date_captured":"2024-07-18T12:45:36+00:00"},{"id":36,"license":1,"file_name":"DM042_F_R_png.rf.4e5a2365bc9d9138e5587a1f0f147448.jpg","height":512,"width":512,"date_captured":"2024-07-18T12:45:36+00:00"},{"id":37,"license":1,"file_name":"CG005_F_R_png.rf.8877cb161df7451b6a063b2d927a1c49.jpg","height":512,"width":512,"date_captured":"2024-07-18T12:45:36+00:00"},{"id":38,"license":1,"file_name":"CG021_M_R_png.rf.400a09f78fc48aadbf3e7c64e6e86ce8.jpg","height":512,"width":512,"date_captured":"2024-07-18T12:45:36+00:00"},{"id":39,"license":1,"file_name":"DM032_M_R_png.rf.518d626ad032c438539aa4360a0e4c53.jpg","height":512,"width":512,"date_captured":"2024-07-18T12:45:36+00:00"},{"id":40,"license":1,"file_name":"DM002_M_L_png.rf.3ef95a66e4d521b1d44328f7816e9496.jpg","height":512,"width":512,"date_captured":"2024-07-18T12:45:36+00:00"},{"id":41,"license":1,"file_name":"CG022_M_R_png.rf.47c4c0a31e416aef65b4b0b6d258d0c1.jpg","height":512,"width":512,"date_captured":"2024-07-18T12:45:36+00:00"},{"id":42,"license":1,"file_name":"DM049_F_R_png.rf.6a112dad6d478900915d00433b4b3ed2.jpg","height":512,"width":512,"date_captured":"2024-07-18T12:45:36+00:00"},{"id":43,"license":1,"file_name":"CG023_F_L_png.rf.40351fd1a1d02eae3a04478d0e2dcd65.jpg","height":512,"width":512,"date_captured":"2024-07-18T12:45:36+00:00"},{"id":44,"license":1,"file_name":"DM028_M_L_png.rf.66505ad2433df77d196f1822f6ab67a4.jpg","height":512,"width":512,"date_captured":"2024-07-18T12:45:36+00:00"},{"id":45,"license":1,"file_name":"CG001_M_R_png.rf.8d4c42a97bd357b16bd6fd2a0df4016a.jpg","height":512,"width":512,"date_captured":"2024-07-18T12:45:36+00:00"},{"id":46,"license":1,"file_name":"CG014_M_L_png.rf.8963de580ac222a1a2f6cdf44c87c281.jpg","height":512,"width":512,"date_captured":"2024-07-18T12:45:36+00:00"},{"id":47,"license":1,"file_name":"CG012_F_L_png.rf.87b4f677de10dde55b12f29e6eb53125.jpg","height":512,"width":512,"date_captured":"2024-07-18T12:45:36+00:00"},{"id":48,"license":1,"file_name":"DM039_M_L_png.rf.9084b9a0be7ce285b341b4e9662c9e2d.jpg","height":512,"width":512,"date_captured":"2024-07-18T12:45:36+00:00"},{"id":49,"license":1,"file_name":"DM031_F_R_png.rf.915bb8244ecd4bf1620a15bc40fb6375.jpg","height":512,"width":512,"date_captured":"2024-07-18T12:45:36+00:00"},{"id":50,"license":1,"file_name":"DM026_M_L_png.rf.945dee72f472270cc8fbc3b5d4a6539e.jpg","height":512,"width":512,"date_captured":"2024-07-18T12:45:36+00:00"},{"id":51,"license":1,"file_name":"CG012_F_R_png.rf.965209584836bd9e472a58313cf75fd8.jpg","height":512,"width":512,"date_captured":"2024-07-18T12:45:36+00:00"},{"id":52,"license":1,"file_name":"CG001_M_L_png.rf.9ba5b3b1a7836cd4e6654f27dc88a094.jpg","height":512,"width":512,"date_captured":"2024-07-18T12:45:36+00:00"},{"id":53,"license":1,"file_name":"CG014_M_R_png.rf.9eb9eb5212552d9ae3c3125f8d35d3e4.jpg","height":512,"width":512,"date_captured":"2024-07-18T12:45:36+00:00"},{"id":54,"license":1,"file_name":"CG010_M_L_png.rf.ab8ceee169c72da246593502dec4ac2c.jpg","height":512,"width":512,"date_captured":"2024-07-18T12:45:36+00:00"},{"id":55,"license":1,"file_name":"CG018_M_R_png.rf.b9b77cf2b86eef67d13f1ef33eb27fef.jpg","height":512,"width":512,"date_captured":"2024-07-18T12:45:36+00:00"},{"id":56,"license":1,"file_name":"CG016_M_L_png.rf.9e13c8c65b485e39a99bcc294523211a.jpg","height":512,"width":512,"date_captured":"2024-07-18T12:45:36+00:00"},{"id":57,"license":1,"file_name":"CG022_M_L_png.rf.7c6a112f4530a0a4acf762b73dcc8090.jpg","height":512,"width":512,"date_captured":"2024-07-18T12:45:36+00:00"},{"id":58,"license":1,"file_name":"CG003_M_R_png.rf.b439545d8b30b0452b0d9ba5e90f5a1c.jpg","height":512,"width":512,"date_captured":"2024-07-18T12:45:36+00:00"},{"id":59,"license":1,"file_name":"CG008_F_R_png.rf.ce5b387e4266a3c5fe152d5f8da1073c.jpg","height":512,"width":512,"date_captured":"2024-07-18T12:45:36+00:00"},{"id":60,"license":1,"file_name":"DM036_M_L_png.rf.d3210e3bfde12a51c84283129e2ed5c2.jpg","height":512,"width":512,"date_captured":"2024-07-18T12:45:36+00:00"},{"id":61,"license":1,"file_name":"DM030_F_R_png.rf.aea84f3f7ce468deaefe09ebb152b966.jpg","height":512,"width":512,"date_captured":"2024-07-18T12:45:36+00:00"},{"id":62,"license":1,"file_name":"CG004_F_R_png.rf.c16c56a244b8da37a0f01ce0497dda55.jpg","height":512,"width":512,"date_captured":"2024-07-18T12:45:36+00:00"},{"id":63,"license":1,"file_name":"CG006_F_L_png.rf.b8e0f9d00c75ca8fdf7fdc608ae0ec61.jpg","height":512,"width":512,"date_captured":"2024-07-18T12:45:36+00:00"},{"id":64,"license":1,"file_name":"CG011_F_L_png.rf.c72421250235b61e9e29650786c603c8.jpg","height":512,"width":512,"date_captured":"2024-07-18T12:45:36+00:00"},{"id":65,"license":1,"file_name":"CG017_F_R_png.rf.bf7cd4123f5bdde80ce8d1d95e4cb02f.jpg","height":512,"width":512,"date_captured":"2024-07-18T12:45:36+00:00"},{"id":66,"license":1,"file_name":"DM040_F_L_png.rf.c7df153dac7b1c327f86a76147d531cc.jpg","height":512,"width":512,"date_captured":"2024-07-18T12:45:36+00:00"},{"id":67,"license":1,"file_name":"CG004_F_L_png.rf.b6d5f584ecf34859878b96764782a0f6.jpg","height":512,"width":512,"date_captured":"2024-07-18T12:45:36+00:00"},{"id":68,"license":1,"file_name":"DM002_M_R_png.rf.9ee28ebae4a28d7845b6c8356df1440e.jpg","height":512,"width":512,"date_captured":"2024-07-18T12:45:36+00:00"},{"id":69,"license":1,"file_name":"DM035_F_L_png.rf.c2a58d461f9c06c60dbbfc0454a9e67f.jpg","height":512,"width":512,"date_captured":"2024-07-18T12:45:36+00:00"},{"id":70,"license":1,"file_name":"DM033_M_R_png.rf.ea9117af7a09cad6dc2e82357913626e.jpg","height":512,"width":512,"date_captured":"2024-07-18T12:45:36+00:00"},{"id":71,"license":1,"file_name":"DM034_F_R_png.rf.d7b2939954a4d5d58cc1ce46146ced1c.jpg","height":512,"width":512,"date_captured":"2024-07-18T12:45:36+00:00"},{"id":72,"license":1,"file_name":"DM035_F_R_png.rf.e721bfb39e3d09d4cccb588e0d957632.jpg","height":512,"width":512,"date_captured":"2024-07-18T12:45:36+00:00"},{"id":73,"license":1,"file_name":"DM029_F_L_png.rf.df56921b5ef3524d1830a078f242158f.jpg","height":512,"width":512,"date_captured":"2024-07-18T12:45:36+00:00"},{"id":74,"license":1,"file_name":"CG016_M_R_png.rf.b757cf32f3eefb92435bc4363d4371a8.jpg","height":512,"width":512,"date_captured":"2024-07-18T12:45:36+00:00"},{"id":75,"license":1,"file_name":"DM037_F_R_png.rf.f1709a9c3efa0672a50acab892e03900.jpg","height":512,"width":512,"date_captured":"2024-07-18T12:45:36+00:00"},{"id":76,"license":1,"file_name":"DM023_F_L_png.rf.f39caf813376e64294c7be7e442790e2.jpg","height":512,"width":512,"date_captured":"2024-07-18T12:45:36+00:00"},{"id":77,"license":1,"file_name":"CG011_F_R_png.rf.ef2babd402b924d7294d75df95c7ac6f.jpg","height":512,"width":512,"date_captured":"2024-07-18T12:45:36+00:00"},{"id":78,"license":1,"file_name":"DM026_M_R_png.rf.d4c9d7666deb649798808adf7b67a866.jpg","height":512,"width":512,"date_captured":"2024-07-18T12:45:36+00:00"},{"id":79,"license":1,"file_name":"CG006_F_R_png.rf.f47a07cf3d28e2d0a296a88f3392b058.jpg","height":512,"width":512,"date_captured":"2024-07-18T12:45:36+00:00"},{"id":80,"license":1,"file_name":"CG015_M_R_png.rf.c913270a2ae6e156afb59713b1720e36.jpg","height":512,"width":512,"date_captured":"2024-07-18T12:45:36+00:00"},{"id":81,"license":1,"file_name":"CG005_F_L_png.rf.f9cc076dc0c2a447c7375ead42c4771c.jpg","height":512,"width":512,"date_captured":"2024-07-18T12:45:36+00:00"},{"id":82,"license":1,"file_name":"CG024_F_L_png.rf.df80ca0623bbaf533693e75d90511a6a.jpg","height":512,"width":512,"date_captured":"2024-07-18T12:45:36+00:00"},{"id":83,"license":1,"file_name":"DM041_M_L_png.rf.dfb3718ee77c5db18b774bf519655f23.jpg","height":512,"width":512,"date_captured":"2024-07-18T12:45:36+00:00"},{"id":84,"license":1,"file_name":"DM027_M_L_png.rf.b3778ed82b0d193c5a8cababc6a77fa0.jpg","height":512,"width":512,"date_captured":"2024-07-18T12:45:36+00:00"},{"id":85,"license":1,"file_name":"DM037_F_L_png.rf.fa12d251b37b017c4a3007721abbc989.jpg","height":512,"width":512,"date_captured":"2024-07-18T12:45:36+00:00"},{"id":86,"license":1,"file_name":"DM044_F_L_png.rf.a0dcdd90a891e8a5f8b939ea5f7e4b05.jpg","height":512,"width":512,"date_captured":"2024-07-18T12:45:36+00:00"},{"id":87,"license":1,"file_name":"CG015_M_L_png.rf.d742cc746e3a6210263a2996fd06c5e0.jpg","height":512,"width":512,"date_captured":"2024-07-18T12:45:36+00:00"},{"id":88,"license":1,"file_name":"CG007_F_R_png.rf.dea04eb9f165e8623ef2df07bb355a7f.jpg","height":512,"width":512,"date_captured":"2024-07-18T12:45:36+00:00"},{"id":89,"license":1,"file_name":"DM042_F_L_png.rf.bb070fe0cc6dbfc5d5f34a961cfbf26a.jpg","height":512,"width":512,"date_captured":"2024-07-18T12:45:36+00:00"},{"id":90,"license":1,"file_name":"CG019_F_L_png.rf.cf2a730a453d1661cbdccdf2ad4a1276.jpg","height":512,"width":512,"date_captured":"2024-07-18T12:45:36+00:00"},{"id":91,"license":1,"file_name":"CG007_F_L_png.rf.f6148e651f02c3dd7d9a035fb3ef0888.jpg","height":512,"width":512,"date_captured":"2024-07-18T12:45:36+00:00"},{"id":92,"license":1,"file_name":"CG010_M_R_png.rf.fa3730e3ed98faaf678261071fbacd18.jpg","height":512,"width":512,"date_captured":"2024-07-18T12:45:36+00:00"},{"id":93,"license":1,"file_name":"CG002_M_R_png.rf.fe524b2188b92ca2df7cd01685338c07.jpg","height":512,"width":512,"date_captured":"2024-07-18T12:45:36+00:00"}],"annotations":[{"id":0,"image_id":0,"category_id":2,"bbox":[128,0,256,512],"area":131072,"segmentation":[],"iscrowd":0},{"id":1,"image_id":1,"category_id":1,"bbox":[146,0,220,512],"area":112640,"segmentation":[],"iscrowd":0},{"id":2,"image_id":2,"category_id":1,"bbox":[157,0,199,512],"area":101888,"segmentation":[],"iscrowd":0},{"id":3,"image_id":3,"category_id":1,"bbox":[135,0,243,512],"area":124416,"segmentation":[],"iscrowd":0},{"id":4,"image_id":4,"category_id":1,"bbox":[154,0,205,512],"area":104960,"segmentation":[],"iscrowd":0},{"id":5,"image_id":5,"category_id":2,"bbox":[158,0,197,512],"area":100864,"segmentation":[],"iscrowd":0},{"id":6,"image_id":6,"category_id":1,"bbox":[158,0,196,512],"area":100352,"segmentation":[],"iscrowd":0},{"id":7,"image_id":7,"category_id":2,"bbox":[142,0,228,512],"area":116736,"segmentation":[],"iscrowd":0},{"id":8,"image_id":8,"category_id":2,"bbox":[126,0,260,512],"area":133120,"segmentation":[],"iscrowd":0},{"id":9,"image_id":9,"category_id":2,"bbox":[162,0,188,512],"area":96256,"segmentation":[],"iscrowd":0},{"id":10,"image_id":10,"category_id":1,"bbox":[128,0,256,512],"area":131072,"segmentation":[],"iscrowd":0},{"id":11,"image_id":11,"category_id":1,"bbox":[155,0,202,512],"area":103424,"segmentation":[],"iscrowd":0},{"id":12,"image_id":12,"category_id":1,"bbox":[135,0,242,512],"area":123904,"segmentation":[],"iscrowd":0},{"id":13,"image_id":13,"category_id":1,"bbox":[147,0,218,512],"area":111616,"segmentation":[],"iscrowd":0},{"id":14,"image_id":14,"category_id":1,"bbox":[154,0,204,512],"area":104448,"segmentation":[],"iscrowd":0},{"id":15,"image_id":15,"category_id":2,"bbox":[159,0,194,512],"area":99328,"segmentation":[],"iscrowd":0},{"id":16,"image_id":16,"category_id":1,"bbox":[153,0,206,512],"area":105472,"segmentation":[],"iscrowd":0},{"id":17,"image_id":17,"category_id":2,"bbox":[162,0,188,512],"area":96256,"segmentation":[],"iscrowd":0},{"id":18,"image_id":18,"category_id":1,"bbox":[130,0,252,512],"area":129024,"segmentation":[],"iscrowd":0},{"id":19,"image_id":19,"category_id":1,"bbox":[156,0,201,512],"area":102912,"segmentation":[],"iscrowd":0},{"id":20,"image_id":20,"category_id":2,"bbox":[156,0,201,512],"area":102912,"segmentation":[],"iscrowd":0},{"id":21,"image_id":21,"category_id":2,"bbox":[158,0,197,512],"area":100864,"segmentation":[],"iscrowd":0},{"id":22,"image_id":22,"category_id":1,"bbox":[161,0,191,512],"area":97792,"segmentation":[],"iscrowd":0},{"id":23,"image_id":23,"category_id":2,"bbox":[156,0,201,512],"area":102912,"segmentation":[],"iscrowd":0},{"id":24,"image_id":24,"category_id":2,"bbox":[156,0,200,512],"area":102400,"segmentation":[],"iscrowd":0},{"id":25,"image_id":25,"category_id":1,"bbox":[160,0,193,512],"area":98816,"segmentation":[],"iscrowd":0},{"id":26,"image_id":26,"category_id":1,"bbox":[155,0,202,512],"area":103424,"segmentation":[],"iscrowd":0},{"id":27,"image_id":27,"category_id":1,"bbox":[160,0,192,512],"area":98304,"segmentation":[],"iscrowd":0},{"id":28,"image_id":28,"category_id":1,"bbox":[149,0,215,512],"area":110080,"segmentation":[],"iscrowd":0},{"id":29,"image_id":29,"category_id":2,"bbox":[153,0,206,512],"area":105472,"segmentation":[],"iscrowd":0},{"id":30,"image_id":30,"category_id":1,"bbox":[148,0,217,512],"area":111104,"segmentation":[],"iscrowd":0},{"id":31,"image_id":31,"category_id":2,"bbox":[171,0,171,512],"area":87552,"segmentation":[],"iscrowd":0},{"id":32,"image_id":32,"category_id":2,"bbox":[157,0,198,512],"area":101376,"segmentation":[],"iscrowd":0},{"id":33,"image_id":33,"category_id":1,"bbox":[158,0,197,512],"area":100864,"segmentation":[],"iscrowd":0},{"id":34,"image_id":34,"category_id":1,"bbox":[149,0,215,512],"area":110080,"segmentation":[],"iscrowd":0},{"id":35,"image_id":35,"category_id":2,"bbox":[161,0,190,512],"area":97280,"segmentation":[],"iscrowd":0},{"id":36,"image_id":36,"category_id":1,"bbox":[152,0,208,512],"area":106496,"segmentation":[],"iscrowd":0},{"id":37,"image_id":37,"category_id":2,"bbox":[152,0,208,512],"area":106496,"segmentation":[],"iscrowd":0},{"id":38,"image_id":38,"category_id":2,"bbox":[143,0,226,512],"area":115712,"segmentation":[],"iscrowd":0},{"id":39,"image_id":39,"category_id":1,"bbox":[163,0,186,512],"area":95232,"segmentation":[],"iscrowd":0},{"id":40,"image_id":40,"category_id":1,"bbox":[146,0,220,512],"area":112640,"segmentation":[],"iscrowd":0},{"id":41,"image_id":41,"category_id":2,"bbox":[139,0,235,512],"area":120320,"segmentation":[],"iscrowd":0},{"id":42,"image_id":42,"category_id":1,"bbox":[149,0,214,512],"area":109568,"segmentation":[],"iscrowd":0},{"id":43,"image_id":43,"category_id":2,"bbox":[130,0,253,512],"area":129536,"segmentation":[],"iscrowd":0},{"id":44,"image_id":44,"category_id":1,"bbox":[147,0,218,512],"area":111616,"segmentation":[],"iscrowd":0},{"id":45,"image_id":45,"category_id":2,"bbox":[164,0,184,512],"area":94208,"segmentation":[],"iscrowd":0},{"id":46,"image_id":46,"category_id":2,"bbox":[150,0,213,512],"area":109056,"segmentation":[],"iscrowd":0},{"id":47,"image_id":47,"category_id":2,"bbox":[137,0,239,512],"area":122368,"segmentation":[],"iscrowd":0},{"id":48,"image_id":48,"category_id":1,"bbox":[145,0,223,512],"area":114176,"segmentation":[],"iscrowd":0},{"id":49,"image_id":49,"category_id":1,"bbox":[134,0,244,512],"area":124928,"segmentation":[],"iscrowd":0},{"id":50,"image_id":50,"category_id":1,"bbox":[157,0,198,512],"area":101376,"segmentation":[],"iscrowd":0},{"id":51,"image_id":51,"category_id":2,"bbox":[138,0,237,512],"area":121344,"segmentation":[],"iscrowd":0},{"id":52,"image_id":52,"category_id":2,"bbox":[157,0,198,512],"area":101376,"segmentation":[],"iscrowd":0},{"id":53,"image_id":53,"category_id":2,"bbox":[153,0,206,512],"area":105472,"segmentation":[],"iscrowd":0},{"id":54,"image_id":54,"category_id":2,"bbox":[164,0,184,512],"area":94208,"segmentation":[],"iscrowd":0},{"id":55,"image_id":55,"category_id":2,"bbox":[162,0,188,512],"area":96256,"segmentation":[],"iscrowd":0},{"id":56,"image_id":56,"category_id":2,"bbox":[149,0,214,512],"area":109568,"segmentation":[],"iscrowd":0},{"id":57,"image_id":57,"category_id":2,"bbox":[144,0,225,512],"area":115200,"segmentation":[],"iscrowd":0},{"id":58,"image_id":58,"category_id":2,"bbox":[166,1,181,511],"area":92491,"segmentation":[],"iscrowd":0},{"id":59,"image_id":59,"category_id":2,"bbox":[163,0,186,512],"area":95232,"segmentation":[],"iscrowd":0},{"id":60,"image_id":60,"category_id":1,"bbox":[159,0,195,512],"area":99840,"segmentation":[],"iscrowd":0},{"id":61,"image_id":61,"category_id":1,"bbox":[157,0,198,512],"area":101376,"segmentation":[],"iscrowd":0},{"id":62,"image_id":62,"category_id":2,"bbox":[132,1,248,511],"area":126728,"segmentation":[],"iscrowd":0},{"id":63,"image_id":63,"category_id":2,"bbox":[156,0,201,512],"area":102912,"segmentation":[],"iscrowd":0},{"id":64,"image_id":64,"category_id":2,"bbox":[148,0,217,512],"area":111104,"segmentation":[],"iscrowd":0},{"id":65,"image_id":65,"category_id":2,"bbox":[164,0,184,512],"area":94208,"segmentation":[],"iscrowd":0},{"id":66,"image_id":66,"category_id":1,"bbox":[139,0,234,512],"area":119808,"segmentation":[],"iscrowd":0},{"id":67,"image_id":67,"category_id":2,"bbox":[138,0,237,512],"area":121344,"segmentation":[],"iscrowd":0},{"id":68,"image_id":68,"category_id":1,"bbox":[154,0,204,512],"area":104448,"segmentation":[],"iscrowd":0},{"id":69,"image_id":69,"category_id":1,"bbox":[130,0,252,512],"area":129024,"segmentation":[],"iscrowd":0},{"id":70,"image_id":70,"category_id":1,"bbox":[146,0,220,512],"area":112640,"segmentation":[],"iscrowd":0},{"id":71,"image_id":71,"category_id":1,"bbox":[151,0,210,512],"area":107520,"segmentation":[],"iscrowd":0},{"id":72,"image_id":72,"category_id":1,"bbox":[131,0,250,512],"area":128000,"segmentation":[],"iscrowd":0},{"id":73,"image_id":73,"category_id":1,"bbox":[131,0,250,512],"area":128000,"segmentation":[],"iscrowd":0},{"id":74,"image_id":74,"category_id":2,"bbox":[148,0,216,512],"area":110592,"segmentation":[],"iscrowd":0},{"id":75,"image_id":75,"category_id":1,"bbox":[125,0,262,512],"area":134144,"segmentation":[],"iscrowd":0},{"id":76,"image_id":76,"category_id":1,"bbox":[151,0,211,512],"area":108032,"segmentation":[],"iscrowd":0},{"id":77,"image_id":77,"category_id":2,"bbox":[141,0,231,512],"area":118272,"segmentation":[],"iscrowd":0},{"id":78,"image_id":78,"category_id":1,"bbox":[160,0,193,512],"area":98816,"segmentation":[],"iscrowd":0},{"id":79,"image_id":79,"category_id":2,"bbox":[149,0,215,512],"area":110080,"segmentation":[],"iscrowd":0},{"id":80,"image_id":80,"category_id":2,"bbox":[144,0,225,512],"area":115200,"segmentation":[],"iscrowd":0},{"id":81,"image_id":81,"category_id":2,"bbox":[144,0,224,512],"area":114688,"segmentation":[],"iscrowd":0},{"id":82,"image_id":82,"category_id":2,"bbox":[121,0,271,512],"area":138752,"segmentation":[],"iscrowd":0},{"id":83,"image_id":83,"category_id":1,"bbox":[154,0,205,512],"area":104960,"segmentation":[],"iscrowd":0},{"id":84,"image_id":84,"category_id":1,"bbox":[155,0,203,512],"area":103936,"segmentation":[],"iscrowd":0},{"id":85,"image_id":85,"category_id":1,"bbox":[124,0,264,512],"area":135168,"segmentation":[],"iscrowd":0},{"id":86,"image_id":86,"category_id":1,"bbox":[128,0,257,512],"area":131584,"segmentation":[],"iscrowd":0},{"id":87,"image_id":87,"category_id":2,"bbox":[146,0,221,512],"area":113152,"segmentation":[],"iscrowd":0},{"id":88,"image_id":88,"category_id":2,"bbox":[141,0,231,512],"area":118272,"segmentation":[],"iscrowd":0},{"id":89,"image_id":89,"category_id":1,"bbox":[137,0,239,512],"area":122368,"segmentation":[],"iscrowd":0},{"id":90,"image_id":90,"category_id":2,"bbox":[148,0,217,512],"area":111104,"segmentation":[],"iscrowd":0},{"id":91,"image_id":91,"category_id":2,"bbox":[156,0,200,512],"area":102400,"segmentation":[],"iscrowd":0},{"id":92,"image_id":92,"category_id":2,"bbox":[162,0,189,512],"area":96768,"segmentation":[],"iscrowd":0},{"id":93,"image_id":93,"category_id":2,"bbox":[158,0,197,512],"area":100864,"segmentation":[],"iscrowd":0}]}