{"info":{"year":"2024","version":"1","description":"Exported from roboflow.com","contributor":"","url":"https://public.roboflow.com/object-detection/undefined","date_created":"2024-08-02T04:36:46+00:00"},"licenses":[{"id":1,"url":"https://creativecommons.org/licenses/by/4.0/","name":"CC BY 4.0"}],"categories":[{"id":0,"name":"Sehat-DMT2-ELuB","supercategory":"none"},{"id":1,"name":"DMT2","supercategory":"Sehat-DMT2-ELuB"},{"id":2,"name":"Sehat","supercategory":"Sehat-DMT2-ELuB"}],"images":[{"id":0,"license":1,"file_name":"DM016_F_png.rf.1dc93d80e2eec611000263befa967b14.jpg","height":512,"width":512,"date_captured":"2024-08-02T04:36:46+00:00"},{"id":1,"license":1,"file_name":"DM068_F_png.rf.4181c57a45aff0d331d28db897b50262.jpg","height":512,"width":512,"date_captured":"2024-08-02T04:36:46+00:00"},{"id":2,"license":1,"file_name":"CG001_M_png.rf.076520632dd9a4648fac95702afea12c.jpg","height":512,"width":512,"date_captured":"2024-08-02T04:36:46+00:00"},{"id":3,"license":1,"file_name":"DM047_F_png.rf.119bc7421f1fe64c4356d9a50e888a86.jpg","height":512,"width":512,"date_captured":"2024-08-02T04:36:46+00:00"},{"id":4,"license":1,"file_name":"DM060_F_png.rf.3275a1ce06e4e202e7d96b7abc35be23.jpg","height":512,"width":512,"date_captured":"2024-08-02T04:36:46+00:00"},{"id":5,"license":1,"file_name":"DM109_F_png.rf.06b33ed1b73d66b97fd8e5aebb8b732f.jpg","height":512,"width":512,"date_captured":"2024-08-02T04:36:46+00:00"},{"id":6,"license":1,"file_name":"CG016_M_png.rf.134549a251445ce1e7a3871ccdfb92a6.jpg","height":512,"width":512,"date_captured":"2024-08-02T04:36:46+00:00"},{"id":7,"license":1,"file_name":"CG019_F_png.rf.250b93ed0cb9d6d8b78be67e6e3141e6.jpg","height":512,"width":512,"date_captured":"2024-08-02T04:36:46+00:00"},{"id":8,"license":1,"file_name":"CG043_M_png.rf.12c0d9d04872d56bfd2d120043a9499b.jpg","height":512,"width":512,"date_captured":"2024-08-02T04:36:46+00:00"},{"id":9,"license":1,"file_name":"CG026_M_png.rf.426a56dd953fdb26b89035b6dcf23152.jpg","height":512,"width":512,"date_captured":"2024-08-02T04:36:46+00:00"},{"id":10,"license":1,"file_name":"CG042_F_png.rf.7d29b5729a44d52be9aa374a722e2e7d.jpg","height":512,"width":512,"date_captured":"2024-08-02T04:36:46+00:00"},{"id":11,"license":1,"file_name":"CG022_M_png.rf.75e8feb4b0320e1e9967e4a87b3ee5d5.jpg","height":512,"width":512,"date_captured":"2024-08-02T04:36:46+00:00"},{"id":12,"license":1,"file_name":"DM064_M_png.rf.7622c95ff2df47f77166eb9686fc0dbf.jpg","height":512,"width":512,"date_captured":"2024-08-02T04:36:46+00:00"},{"id":13,"license":1,"file_name":"DM082_F_png.rf.641c2bf97948511129786f1601623e8e.jpg","height":512,"width":512,"date_captured":"2024-08-02T04:36:46+00:00"},{"id":14,"license":1,"file_name":"CG008_F_png.rf.686d35c1565468aa83ec0e3631384f70.jpg","height":512,"width":512,"date_captured":"2024-08-02T04:36:46+00:00"},{"id":15,"license":1,"file_name":"DM004_M_png.rf.43d032abd284842ac53a92449d702cf2.jpg","height":512,"width":512,"date_captured":"2024-08-02T04:36:46+00:00"},{"id":16,"license":1,"file_name":"DM015_M_png.rf.7f82b7bc4876f42b69cb58bd038c74b3.jpg","height":512,"width":512,"date_captured":"2024-08-02T04:36:46+00:00"},{"id":17,"license":1,"file_name":"DM077_F_png.rf.5003f77ebd020112641f78265e03151f.jpg","height":512,"width":512,"date_captured":"2024-08-02T04:36:46+00:00"},{"id":18,"license":1,"file_name":"DM012_F_png.rf.58cba8b2602e1707db374e8da3418d77.jpg","height":512,"width":512,"date_captured":"2024-08-02T04:36:46+00:00"},{"id":19,"license":1,"file_name":"CG045_M_png.rf.44fcbd0845c6ed51c10fa825419b4b85.jpg","height":512,"width":512,"date_captured":"2024-08-02T04:36:46+00:00"},{"id":20,"license":1,"file_name":"CG017_F_png.rf.667229c0b657c77496937a839b00c7fd.jpg","height":512,"width":512,"date_captured":"2024-08-02T04:36:46+00:00"},{"id":21,"license":1,"file_name":"DM027_M_png.rf.2456e3449f7c8253da0679c8f5bd2e4f.jpg","height":512,"width":512,"date_captured":"2024-08-02T04:36:46+00:00"},{"id":22,"license":1,"file_name":"DM006_F_png.rf.432356ae9281c30b4460f9fdf67de17b.jpg","height":512,"width":512,"date_captured":"2024-08-02T04:36:46+00:00"},{"id":23,"license":1,"file_name":"CG028_M_png.rf.4aa36018a497130288b6d1d1d3f9f2bc.jpg","height":512,"width":512,"date_captured":"2024-08-02T04:36:46+00:00"},{"id":24,"license":1,"file_name":"CG004_F_png.rf.4812db8620392f8cf8cee62b28a1ed3a.jpg","height":512,"width":512,"date_captured":"2024-08-02T04:36:46+00:00"},{"id":25,"license":1,"file_name":"CG010_M_png.rf.80a323459b9a4ec7c6f43766f9eda369.jpg","height":512,"width":512,"date_captured":"2024-08-02T04:36:46+00:00"},{"id":26,"license":1,"file_name":"DM041_M_png.rf.91fb5d1d8949ba4f6961871ee7bfa78b.jpg","height":512,"width":512,"date_captured":"2024-08-02T04:36:46+00:00"},{"id":27,"license":1,"file_name":"DM010_M_png.rf.b9d1d07eb1d64fb7a3015c659b214b62.jpg","height":512,"width":512,"date_captured":"2024-08-02T04:36:46+00:00"},{"id":28,"license":1,"file_name":"CG027_M_png.rf.e6d6d0bf04c90c1c12a8137036606c38.jpg","height":512,"width":512,"date_captured":"2024-08-02T04:36:46+00:00"},{"id":29,"license":1,"file_name":"CG024_F_png.rf.8097535e8a840d1b8780c32ae2e4b135.jpg","height":512,"width":512,"date_captured":"2024-08-02T04:36:46+00:00"},{"id":30,"license":1,"file_name":"DM092_F_png.rf.ae9e97d1eea10d83366cbee840772ecf.jpg","height":512,"width":512,"date_captured":"2024-08-02T04:36:46+00:00"},{"id":31,"license":1,"file_name":"CG030_M_png.rf.b60cf90182ab3c5ae2e44a2a93cf39ab.jpg","height":512,"width":512,"date_captured":"2024-08-02T04:36:46+00:00"},{"id":32,"license":1,"file_name":"DM008_M_png.rf.c1ed89aea847b47f5511047539197c0b.jpg","height":512,"width":512,"date_captured":"2024-08-02T04:36:46+00:00"},{"id":33,"license":1,"file_name":"CG020_F_png.rf.b6901381507bd9298ecc80ebea707267.jpg","height":512,"width":512,"date_captured":"2024-08-02T04:36:46+00:00"},{"id":34,"license":1,"file_name":"CG021_M_png.rf.f8bf8bf278f14ed6c9bea9d89b3659f5.jpg","height":512,"width":512,"date_captured":"2024-08-02T04:36:46+00:00"},{"id":35,"license":1,"file_name":"CG007_F_png.rf.86a313b51ef44aa4d17a16d4329d3cc7.jpg","height":512,"width":512,"date_captured":"2024-08-02T04:36:46+00:00"},{"id":36,"license":1,"file_name":"CG029_F_png.rf.d561f3c1f870c0bf0cec0b197ab3016c.jpg","height":512,"width":512,"date_captured":"2024-08-02T04:36:46+00:00"},{"id":37,"license":1,"file_name":"DM076_M_png.rf.a3c349604ae706e74d3da5e132c9bd31.jpg","height":512,"width":512,"date_captured":"2024-08-02T04:36:46+00:00"},{"id":38,"license":1,"file_name":"DM025_M_png.rf.e30461f7a92dbcd74eee52dc761f8fc0.jpg","height":512,"width":512,"date_captured":"2024-08-02T04:36:46+00:00"},{"id":39,"license":1,"file_name":"DM026_M_png.rf.814301f0d34d39dfd64cc98d9a5b8112.jpg","height":512,"width":512,"date_captured":"2024-08-02T04:36:46+00:00"},{"id":40,"license":1,"file_name":"CG005_F_png.rf.c9796f85d795c64b135e6933253393f9.jpg","height":512,"width":512,"date_captured":"2024-08-02T04:36:46+00:00"},{"id":41,"license":1,"file_name":"CG032_M_png.rf.ceeb807abcc6fde5ec619d2ae817ba68.jpg","height":512,"width":512,"date_captured":"2024-08-02T04:36:46+00:00"},{"id":42,"license":1,"file_name":"DM118_M_png.rf.cc4d615f16cde62e53866ded84c23231.jpg","height":512,"width":512,"date_captured":"2024-08-02T04:36:46+00:00"},{"id":43,"license":1,"file_name":"DM119_F_png.rf.f915962b134cd42504bfea1723ff6dab.jpg","height":512,"width":512,"date_captured":"2024-08-02T04:36:46+00:00"},{"id":44,"license":1,"file_name":"CG038_M_png.rf.9d381b2da4b77698bb227c58cc69545f.jpg","height":512,"width":512,"date_captured":"2024-08-02T04:36:46+00:00"},{"id":45,"license":1,"file_name":"DM059_F_png.rf.ace1ec93a3a122a89a90867e8e598e0b.jpg","height":512,"width":512,"date_captured":"2024-08-02T04:36:46+00:00"},{"id":46,"license":1,"file_name":"DM091_M_png.rf.afb497b2dda321b3feaaa0d3cd64737f.jpg","height":512,"width":512,"date_captured":"2024-08-02T04:36:46+00:00"},{"id":47,"license":1,"file_name":"CG006_F_png.rf.a9037e1af619c92c40c9fb8e2cea4f23.jpg","height":512,"width":512,"date_captured":"2024-08-02T04:36:46+00:00"}],"annotations":[{"id":0,"image_id":0,"category_id":1,"bbox":[6,0,500,512],"area":256000,"segmentation":[],"iscrowd":0},{"id":1,"image_id":1,"category_id":1,"bbox":[20,0,473,512],"area":242176,"segmentation":[],"iscrowd":0},{"id":2,"image_id":2,"category_id":2,"bbox":[69,0,374,512],"area":191488,"segmentation":[],"iscrowd":0},{"id":3,"image_id":3,"category_id":1,"bbox":[26,0,461,512],"area":236032,"segmentation":[],"iscrowd":0},{"id":4,"image_id":4,"category_id":1,"bbox":[43,0,426,512],"area":218112,"segmentation":[],"iscrowd":0},{"id":5,"image_id":5,"category_id":1,"bbox":[49,0,415,512],"area":212480,"segmentation":[],"iscrowd":0},{"id":6,"image_id":6,"category_id":2,"bbox":[42,0,429,512],"area":219648,"segmentation":[],"iscrowd":0},{"id":7,"image_id":7,"category_id":2,"bbox":[34,0,444,512],"area":227328,"segmentation":[],"iscrowd":0},{"id":8,"image_id":8,"category_id":2,"bbox":[37,0,438,512],"area":224256,"segmentation":[],"iscrowd":0},{"id":9,"image_id":9,"category_id":2,"bbox":[74,0,365,512],"area":186880,"segmentation":[],"iscrowd":0},{"id":10,"image_id":10,"category_id":2,"bbox":[41,0,430,512],"area":220160,"segmentation":[],"iscrowd":0},{"id":11,"image_id":11,"category_id":2,"bbox":[29,0,454,512],"area":232448,"segmentation":[],"iscrowd":0},{"id":12,"image_id":12,"category_id":1,"bbox":[43,0,427,512],"area":218624,"segmentation":[],"iscrowd":0},{"id":13,"image_id":13,"category_id":1,"bbox":[49,0,414,512],"area":211968,"segmentation":[],"iscrowd":0},{"id":14,"image_id":14,"category_id":2,"bbox":[70,0,373,512],"area":190976,"segmentation":[],"iscrowd":0},{"id":15,"image_id":15,"category_id":1,"bbox":[16,0,480,512],"area":245760,"segmentation":[],"iscrowd":0},{"id":16,"image_id":16,"category_id":1,"bbox":[0,22,512,468],"area":239616,"segmentation":[],"iscrowd":0},{"id":17,"image_id":17,"category_id":1,"bbox":[52,0,408,512],"area":208896,"segmentation":[],"iscrowd":0},{"id":18,"image_id":18,"category_id":1,"bbox":[46,0,420,512],"area":215040,"segmentation":[],"iscrowd":0},{"id":19,"image_id":19,"category_id":2,"bbox":[44,0,425,512],"area":217600,"segmentation":[],"iscrowd":0},{"id":20,"image_id":20,"category_id":2,"bbox":[68,0,376,512],"area":192512,"segmentation":[],"iscrowd":0},{"id":21,"image_id":21,"category_id":1,"bbox":[59,0,395,512],"area":202240,"segmentation":[],"iscrowd":0},{"id":22,"image_id":22,"category_id":1,"bbox":[30,0,453,512],"area":231936,"segmentation":[],"iscrowd":0},{"id":23,"image_id":23,"category_id":2,"bbox":[59,0,395,512],"area":202240,"segmentation":[],"iscrowd":0},{"id":24,"image_id":24,"category_id":2,"bbox":[17,0,478,512],"area":244736,"segmentation":[],"iscrowd":0},{"id":25,"image_id":25,"category_id":2,"bbox":[71,0,370,512],"area":189440,"segmentation":[],"iscrowd":0},{"id":26,"image_id":26,"category_id":1,"bbox":[56,0,401,512],"area":205312,"segmentation":[],"iscrowd":0},{"id":27,"image_id":27,"category_id":1,"bbox":[15,0,482,512],"area":246784,"segmentation":[],"iscrowd":0},{"id":28,"image_id":28,"category_id":2,"bbox":[48,0,416,512],"area":212992,"segmentation":[],"iscrowd":0},{"id":29,"image_id":29,"category_id":2,"bbox":[0,7,512,499],"area":255488,"segmentation":[],"iscrowd":0},{"id":30,"image_id":30,"category_id":1,"bbox":[29,0,454,512],"area":232448,"segmentation":[],"iscrowd":0},{"id":31,"image_id":31,"category_id":2,"bbox":[21,0,471,512],"area":241152,"segmentation":[],"iscrowd":0},{"id":32,"image_id":32,"category_id":1,"bbox":[44,0,424,512],"area":217088,"segmentation":[],"iscrowd":0},{"id":33,"image_id":33,"category_id":2,"bbox":[62,0,389,512],"area":199168,"segmentation":[],"iscrowd":0},{"id":34,"image_id":34,"category_id":2,"bbox":[49,0,414,512],"area":211968,"segmentation":[],"iscrowd":0},{"id":35,"image_id":35,"category_id":2,"bbox":[51,0,411,512],"area":210432,"segmentation":[],"iscrowd":0},{"id":36,"image_id":36,"category_id":2,"bbox":[56,0,400,512],"area":204800,"segmentation":[],"iscrowd":0},{"id":37,"image_id":37,"category_id":1,"bbox":[22,0,469,512],"area":240128,"segmentation":[],"iscrowd":0},{"id":38,"image_id":38,"category_id":1,"bbox":[55,0,402,512],"area":205824,"segmentation":[],"iscrowd":0},{"id":39,"image_id":39,"category_id":1,"bbox":[305,324,145,188],"area":27260,"segmentation":[],"iscrowd":0},{"id":40,"image_id":40,"category_id":2,"bbox":[48,0,416,512],"area":212992,"segmentation":[],"iscrowd":0},{"id":41,"image_id":41,"category_id":2,"bbox":[44,0,425,512],"area":217600,"segmentation":[],"iscrowd":0},{"id":42,"image_id":42,"category_id":1,"bbox":[49,0,414,512],"area":211968,"segmentation":[],"iscrowd":0},{"id":43,"image_id":43,"category_id":1,"bbox":[59,0,394,512],"area":201728,"segmentation":[],"iscrowd":0},{"id":44,"image_id":44,"category_id":2,"bbox":[66,1,380,511],"area":194180,"segmentation":[],"iscrowd":0},{"id":45,"image_id":45,"category_id":1,"bbox":[43,0,427,512],"area":218624,"segmentation":[],"iscrowd":0},{"id":46,"image_id":46,"category_id":1,"bbox":[58,0,397,512],"area":203264,"segmentation":[],"iscrowd":0},{"id":47,"image_id":47,"category_id":2,"bbox":[52,0,409,512],"area":209408,"segmentation":[],"iscrowd":0}]}