{"info":{"year":"2024","version":"4","description":"Exported from roboflow.com","contributor":"","url":"https://public.roboflow.com/object-detection/undefined","date_created":"2024-08-05T11:55:39+00:00"},"licenses":[{"id":1,"url":"https://creativecommons.org/licenses/by/4.0/","name":"CC BY 4.0"}],"categories":[{"id":0,"name":"Sehat-DMT2-Vxym","supercategory":"none"},{"id":1,"name":"Diabates","supercategory":"Sehat-DMT2-Vxym"},{"id":2,"name":"Sehat","supercategory":"Sehat-DMT2-Vxym"}],"images":[{"id":0,"license":1,"file_name":"CG019_F_png.rf.0f8587ac78512a31260244eeaf7a489b.jpg","height":512,"width":512,"date_captured":"2024-08-05T11:55:39+00:00"},{"id":1,"license":1,"file_name":"CG022_M_png.rf.19b2e7b5f57ec4e7911a3764598b6fb2.jpg","height":512,"width":512,"date_captured":"2024-08-05T11:55:39+00:00"},{"id":2,"license":1,"file_name":"CG030_M_png.rf.2e67625ee49b620fef65069ded1c7b1f.jpg","height":512,"width":512,"date_captured":"2024-08-05T11:55:39+00:00"},{"id":3,"license":1,"file_name":"DM092_F_png.rf.3c80447788605a0dd4c4e74c0673a141.jpg","height":512,"width":512,"date_captured":"2024-08-05T11:55:39+00:00"},{"id":4,"license":1,"file_name":"DM016_F_png.rf.8456bd55b33de0675df25f6c0d72a4bf.jpg","height":512,"width":512,"date_captured":"2024-08-05T11:55:39+00:00"},{"id":5,"license":1,"file_name":"CG026_M_png.rf.649ee014793d15971dcdc8bd28e78228.jpg","height":512,"width":512,"date_captured":"2024-08-05T11:55:39+00:00"},{"id":6,"license":1,"file_name":"CG012_F_png.rf.43f3ebb57e2989bb06e2729a2472e816.jpg","height":512,"width":512,"date_captured":"2024-08-05T11:55:39+00:00"},{"id":7,"license":1,"file_name":"CG043_M_png.rf.5cc8c2944adef2d168a15fdc03d19423.jpg","height":512,"width":512,"date_captured":"2024-08-05T11:55:39+00:00"},{"id":8,"license":1,"file_name":"CG020_F_png.rf.59282d09dcfc671205b4b81c389c8ad8.jpg","height":512,"width":512,"date_captured":"2024-08-05T11:55:39+00:00"},{"id":9,"license":1,"file_name":"DM040_F_png.rf.6ee6eeb39f8850107c37082cc1c43ab5.jpg","height":512,"width":512,"date_captured":"2024-08-05T11:55:39+00:00"},{"id":10,"license":1,"file_name":"CG044_F_png.rf.75500e084885d6d56ad802dee4e15f5b.jpg","height":512,"width":512,"date_captured":"2024-08-05T11:55:39+00:00"},{"id":11,"license":1,"file_name":"DM119_F_png.rf.28750ee3d5535448e0f330b9a41b03c8.jpg","height":512,"width":512,"date_captured":"2024-08-05T11:55:39+00:00"},{"id":12,"license":1,"file_name":"DM032_M_png.rf.290336432ad3fab2db7a2926e410df8f.jpg","height":512,"width":512,"date_captured":"2024-08-05T11:55:39+00:00"},{"id":13,"license":1,"file_name":"CG007_F_png.rf.659a678ea3074de8b45fbe421d0f677c.jpg","height":512,"width":512,"date_captured":"2024-08-05T11:55:39+00:00"},{"id":14,"license":1,"file_name":"DM064_M_png.rf.5d00cd05dad8d03c7b5a05d82e23fd93.jpg","height":512,"width":512,"date_captured":"2024-08-05T11:55:39+00:00"},{"id":15,"license":1,"file_name":"DM109_F_png.rf.1b52015c6856cb94b89f5790cac11d0e.jpg","height":512,"width":512,"date_captured":"2024-08-05T11:55:39+00:00"},{"id":16,"license":1,"file_name":"DM024_M_png.rf.77f205754ca870d42de8bdb8219d84d4.jpg","height":512,"width":512,"date_captured":"2024-08-05T11:55:39+00:00"},{"id":17,"license":1,"file_name":"DM063_F_png.rf.7d96c33c3504163218a4dd2011182a2a.jpg","height":512,"width":512,"date_captured":"2024-08-05T11:55:39+00:00"},{"id":18,"license":1,"file_name":"DM036_M_png.rf.786b67c8ae6003eedcfd8b12fa2bd00a.jpg","height":512,"width":512,"date_captured":"2024-08-05T11:55:39+00:00"},{"id":19,"license":1,"file_name":"CG031_M_png.rf.872e6824ac46385cca309ed5a8be1d36.jpg","height":512,"width":512,"date_captured":"2024-08-05T11:55:39+00:00"},{"id":20,"license":1,"file_name":"CG024_F_png.rf.6b8ade91f0cd02f72fa03bc6d8aba6fc.jpg","height":512,"width":512,"date_captured":"2024-08-05T11:55:39+00:00"},{"id":21,"license":1,"file_name":"CG004_F_png.rf.7c4b73bdae2773461cff094a4482bfe1.jpg","height":512,"width":512,"date_captured":"2024-08-05T11:55:39+00:00"},{"id":22,"license":1,"file_name":"DM118_M_png.rf.3ad4bdcf2ae96c17a746b48d94263684.jpg","height":512,"width":512,"date_captured":"2024-08-05T11:55:39+00:00"},{"id":23,"license":1,"file_name":"DM004_M_png.rf.6e1c2f1965f0a954bfc9e41c5ff1446b.jpg","height":512,"width":512,"date_captured":"2024-08-05T11:55:39+00:00"},{"id":24,"license":1,"file_name":"CG032_M_png.rf.7a8981c81cd31f59a889a9e05a477f78.jpg","height":512,"width":512,"date_captured":"2024-08-05T11:55:39+00:00"},{"id":25,"license":1,"file_name":"DM041_M_png.rf.8de584aab9215231a72990813533813c.jpg","height":512,"width":512,"date_captured":"2024-08-05T11:55:39+00:00"},{"id":26,"license":1,"file_name":"DM091_M_png.rf.aeb28fbc6f858a238bbb0e305a1ff43a.jpg","height":512,"width":512,"date_captured":"2024-08-05T11:55:39+00:00"},{"id":27,"license":1,"file_name":"CG042_F_png.rf.b20ceabf439b7c100f127dceb9287e6e.jpg","height":512,"width":512,"date_captured":"2024-08-05T11:55:39+00:00"},{"id":28,"license":1,"file_name":"DM027_M_png.rf.930f7108743e2c3f93beeeffd40ee893.jpg","height":512,"width":512,"date_captured":"2024-08-05T11:55:39+00:00"},{"id":29,"license":1,"file_name":"DM012_F_png.rf.b30d9eed85ffaea999500c7ebf90a00a.jpg","height":512,"width":512,"date_captured":"2024-08-05T11:55:39+00:00"},{"id":30,"license":1,"file_name":"DM060_F_png.rf.9fd58db682ab2166a66ca1aac52368e9.jpg","height":512,"width":512,"date_captured":"2024-08-05T11:55:39+00:00"},{"id":31,"license":1,"file_name":"CG021_M_png.rf.958608ac8e5036e4e0f36295bca3ecbb.jpg","height":512,"width":512,"date_captured":"2024-08-05T11:55:39+00:00"},{"id":32,"license":1,"file_name":"DM093_F_png.rf.d3aa939a1a20537d6a7a363208b5f6ec.jpg","height":512,"width":512,"date_captured":"2024-08-05T11:55:39+00:00"},{"id":33,"license":1,"file_name":"DM025_M_png.rf.ce6f718cc57d85203d83b945e0862840.jpg","height":512,"width":512,"date_captured":"2024-08-05T11:55:39+00:00"},{"id":34,"license":1,"file_name":"DM076_M_png.rf.9f312ea47df252e18f2d9e31de513e23.jpg","height":512,"width":512,"date_captured":"2024-08-05T11:55:39+00:00"},{"id":35,"license":1,"file_name":"CG017_F_png.rf.d9615da894ecdd470e188167dda2f3e1.jpg","height":512,"width":512,"date_captured":"2024-08-05T11:55:39+00:00"},{"id":36,"license":1,"file_name":"DM047_F_png.rf.ec8812be1406650432ed72a8e6f834b2.jpg","height":512,"width":512,"date_captured":"2024-08-05T11:55:39+00:00"},{"id":37,"license":1,"file_name":"CG045_M_png.rf.bc42376a2dbbe1191503cf7b20fbf5d9.jpg","height":512,"width":512,"date_captured":"2024-08-05T11:55:39+00:00"},{"id":38,"license":1,"file_name":"CG006_F_png.rf.af2d8b80ec98980ea373131c1f3f7eb5.jpg","height":512,"width":512,"date_captured":"2024-08-05T11:55:39+00:00"},{"id":39,"license":1,"file_name":"CG001_M_png.rf.c6f330f5c13c259a1abb307d16bcf1e7.jpg","height":512,"width":512,"date_captured":"2024-08-05T11:55:39+00:00"},{"id":40,"license":1,"file_name":"CG010_M_png.rf.e120af4c307c3d6cbb5c2c7b936c9053.jpg","height":512,"width":512,"date_captured":"2024-08-05T11:55:39+00:00"},{"id":41,"license":1,"file_name":"CG029_F_png.rf.ee5a3889245050bc47cde0f43699ac2f.jpg","height":512,"width":512,"date_captured":"2024-08-05T11:55:39+00:00"},{"id":42,"license":1,"file_name":"CG028_M_png.rf.9ee7ae2706195178b605b3284762737a.jpg","height":512,"width":512,"date_captured":"2024-08-05T11:55:39+00:00"},{"id":43,"license":1,"file_name":"CG041_F_png.rf.b32dc3b62b35bfe49000473a78d79212.jpg","height":512,"width":512,"date_captured":"2024-08-05T11:55:39+00:00"},{"id":44,"license":1,"file_name":"DM010_M_png.rf.d61307cc00bd395e504d905d748fab31.jpg","height":512,"width":512,"date_captured":"2024-08-05T11:55:39+00:00"},{"id":45,"license":1,"file_name":"DM059_F_png.rf.bdb49e3c0745d0a4beafcb391c814dbf.jpg","height":512,"width":512,"date_captured":"2024-08-05T11:55:39+00:00"},{"id":46,"license":1,"file_name":"CG016_M_png.rf.9a3106503f7694353a45f65d0ac8711c.jpg","height":512,"width":512,"date_captured":"2024-08-05T11:55:39+00:00"},{"id":47,"license":1,"file_name":"DM077_F_png.rf.ff274e187ec74da8b8d35eee69e23db9.jpg","height":512,"width":512,"date_captured":"2024-08-05T11:55:39+00:00"}],"annotations":[{"id":0,"image_id":0,"category_id":2,"bbox":[34,0,444,512],"area":227328,"segmentation":[],"iscrowd":0},{"id":1,"image_id":1,"category_id":2,"bbox":[29,0,454,512],"area":232448,"segmentation":[],"iscrowd":0},{"id":2,"image_id":2,"category_id":2,"bbox":[21,0,471,512],"area":241152,"segmentation":[],"iscrowd":0},{"id":3,"image_id":3,"category_id":1,"bbox":[29,0,454,512],"area":232448,"segmentation":[],"iscrowd":0},{"id":4,"image_id":4,"category_id":1,"bbox":[6,0,500,512],"area":256000,"segmentation":[],"iscrowd":0},{"id":5,"image_id":5,"category_id":2,"bbox":[74,0,365,512],"area":186880,"segmentation":[],"iscrowd":0},{"id":6,"image_id":6,"category_id":2,"bbox":[19,0,475,512],"area":243200,"segmentation":[],"iscrowd":0},{"id":7,"image_id":7,"category_id":2,"bbox":[37,0,438,512],"area":224256,"segmentation":[],"iscrowd":0},{"id":8,"image_id":8,"category_id":2,"bbox":[62,0,389,512],"area":199168,"segmentation":[],"iscrowd":0},{"id":9,"image_id":9,"category_id":1,"bbox":[18,0,477,512],"area":244224,"segmentation":[],"iscrowd":0},{"id":10,"image_id":10,"category_id":2,"bbox":[7,0,499,512],"area":255488,"segmentation":[],"iscrowd":0},{"id":11,"image_id":11,"category_id":1,"bbox":[59,0,394,512],"area":201728,"segmentation":[],"iscrowd":0},{"id":12,"image_id":12,"category_id":1,"bbox":[64,0,384,512],"area":196608,"segmentation":[],"iscrowd":0},{"id":13,"image_id":13,"category_id":2,"bbox":[51,0,411,512],"area":210432,"segmentation":[],"iscrowd":0},{"id":14,"image_id":14,"category_id":1,"bbox":[43,0,427,512],"area":218624,"segmentation":[],"iscrowd":0},{"id":15,"image_id":15,"category_id":1,"bbox":[49,0,415,512],"area":212480,"segmentation":[],"iscrowd":0},{"id":16,"image_id":16,"category_id":1,"bbox":[70,0,373,512],"area":190976,"segmentation":[],"iscrowd":0},{"id":17,"image_id":17,"category_id":1,"bbox":[24,0,465,512],"area":238080,"segmentation":[],"iscrowd":0},{"id":18,"image_id":18,"category_id":1,"bbox":[60,0,393,512],"area":201216,"segmentation":[],"iscrowd":0},{"id":19,"image_id":19,"category_id":2,"bbox":[35,0,442,512],"area":226304,"segmentation":[],"iscrowd":0},{"id":20,"image_id":20,"category_id":2,"bbox":[0,7,512,499],"area":255488,"segmentation":[],"iscrowd":0},{"id":21,"image_id":21,"category_id":2,"bbox":[17,0,478,512],"area":244736,"segmentation":[],"iscrowd":0},{"id":22,"image_id":22,"category_id":1,"bbox":[49,0,414,512],"area":211968,"segmentation":[],"iscrowd":0},{"id":23,"image_id":23,"category_id":1,"bbox":[16,0,480,512],"area":245760,"segmentation":[],"iscrowd":0},{"id":24,"image_id":24,"category_id":2,"bbox":[44,0,425,512],"area":217600,"segmentation":[],"iscrowd":0},{"id":25,"image_id":25,"category_id":1,"bbox":[56,0,401,512],"area":205312,"segmentation":[],"iscrowd":0},{"id":26,"image_id":26,"category_id":1,"bbox":[58,0,397,512],"area":203264,"segmentation":[],"iscrowd":0},{"id":27,"image_id":27,"category_id":2,"bbox":[41,0,430,512],"area":220160,"segmentation":[],"iscrowd":0},{"id":28,"image_id":28,"category_id":1,"bbox":[59,0,395,512],"area":202240,"segmentation":[],"iscrowd":0},{"id":29,"image_id":29,"category_id":1,"bbox":[46,0,420,512],"area":215040,"segmentation":[],"iscrowd":0},{"id":30,"image_id":30,"category_id":1,"bbox":[43,0,426,512],"area":218112,"segmentation":[],"iscrowd":0},{"id":31,"image_id":31,"category_id":2,"bbox":[49,0,414,512],"area":211968,"segmentation":[],"iscrowd":0},{"id":32,"image_id":32,"category_id":1,"bbox":[26,0,460,512],"area":235520,"segmentation":[],"iscrowd":0},{"id":33,"image_id":33,"category_id":1,"bbox":[55,0,402,512],"area":205824,"segmentation":[],"iscrowd":0},{"id":34,"image_id":34,"category_id":1,"bbox":[22,0,469,512],"area":240128,"segmentation":[],"iscrowd":0},{"id":35,"image_id":35,"category_id":2,"bbox":[68,0,376,512],"area":192512,"segmentation":[],"iscrowd":0},{"id":36,"image_id":36,"category_id":1,"bbox":[26,0,461,512],"area":236032,"segmentation":[],"iscrowd":0},{"id":37,"image_id":37,"category_id":2,"bbox":[44,0,425,512],"area":217600,"segmentation":[],"iscrowd":0},{"id":38,"image_id":38,"category_id":2,"bbox":[52,0,409,512],"area":209408,"segmentation":[],"iscrowd":0},{"id":39,"image_id":39,"category_id":2,"bbox":[69,0,374,512],"area":191488,"segmentation":[],"iscrowd":0},{"id":40,"image_id":40,"category_id":2,"bbox":[71,0,370,512],"area":189440,"segmentation":[],"iscrowd":0},{"id":41,"image_id":41,"category_id":2,"bbox":[56,0,400,512],"area":204800,"segmentation":[],"iscrowd":0},{"id":42,"image_id":42,"category_id":2,"bbox":[59,0,395,512],"area":202240,"segmentation":[],"iscrowd":0},{"id":43,"image_id":43,"category_id":2,"bbox":[48,0,417,512],"area":213504,"segmentation":[],"iscrowd":0},{"id":44,"image_id":44,"category_id":1,"bbox":[15,0,482,512],"area":246784,"segmentation":[],"iscrowd":0},{"id":45,"image_id":45,"category_id":1,"bbox":[43,0,427,512],"area":218624,"segmentation":[],"iscrowd":0},{"id":46,"image_id":46,"category_id":2,"bbox":[42,0,429,512],"area":219648,"segmentation":[],"iscrowd":0},{"id":47,"image_id":47,"category_id":1,"bbox":[52,0,408,512],"area":208896,"segmentation":[],"iscrowd":0}]}